122 Elm St - A J Lewis Center - Enviro Studies,41-00442-1,Water,10/01/2022,11/01/2022,31,,0,cf,$26.64,$26.64,$0.0000,0.00,$0.86,0.0,$0.00,$0.0000
122 Elm St - A J Lewis Center - Enviro Studies,41-00442-1,Water,11/01/2022,12/01/2022,30,,0,cf,$26.64,$26.64,$0.0000,0.00,$0.89,0.0,$0.00,$0.0000
122 Elm St - A J Lewis Center - Enviro Studies,41-00442-1,Water,12/01/2022,01/01/2023,31,,0,cf,$26.64,$26.64,$0.0000,0.00,$0.86,0.0,$0.00,$0.0000
122 Elm St - A J Lewis Center - Enviro Studies,41-00442-1,Water,01/01/2023,02/01/2023,31,,0,cf,$27.72,$27.72,$0.0000,0.00,$0.89,0.0,$0.00,$0.0000
122 Elm St - A J Lewis Center - Enviro Studies,41-00442-1,Water,02/01/2023,03/01/2023,28,,0,cf,$27.72,$27.72,$0.0000,0.00,$0.99,0.0,$0.00,$0.0000
122 Elm St - A J Lewis Center - Enviro Studies,41-00442-1,Water,03/01/2023,04/01/2023,31,,0,cf,$27.72,$27.72,$0.0000,0.00,$0.89,0.0,$0.00,$0.0000
122 Elm St - A J Lewis Center - Enviro Studies,41-00442-1,Water,04/01/2023,05/01/2023,30,,0,cf,$27.72,$27.72,$0.0000,0.00,$0.92,0.0,$0.00,$0.0000
122 Elm St - A J Lewis Center - Enviro Studies,41-00442-1,Water,05/01/2023,06/01/2023,31,,0,cf,$27.72,$27.72,$0.0000,0.00,$0.89,0.0,$0.00,$0.0000
122 Elm St - A J Lewis Center - Enviro Studies,41-00442-1,Water,06/01/2023,07/01/2023,30,,0,cf,$27.72,$27.72,$0.0000,0.00,$0.92,0.0,$0.00,$0.0000
122 Elm St - A J Lewis Center - Enviro Studies,41-00442-1,Water,07/01/2023,08/01/2023,31,,0,cf,$27.72,$27.72,$0.0000,0.00,$0.89,0.0,$0.00,$0.0000
122 Elm St - A J Lewis Center - Enviro Studies,41-00442-1,Water,08/01/2023,09/01/2023,31,,0,cf,$27.72,$27.72,$0.0000,0.00,$0.89,0.0,$0.00,$0.0000
122 Elm St - A J Lewis Center - Enviro Studies,41-00442-1,Water,09/01/2023,10/01/2023,30,,0,cf,$27.72,$27.72,$0.0000,0.00,$0.92,0.0,$0.00,$0.0000
122 Elm St - A J Lewis Center - Enviro Studies,41-00442-1,Wastewater,10/01/2022,11/01/2022,31,,0,cf,$20.31,$20.31,$0.0000,0.00,$0.66,0.0,$0.00,$0.0000
122 Elm St - A J Lewis Center - Enviro Studies,41-00442-1,Wastewater,11/01/2022,12/01/2022,30,,0,cf,$20.31,$20.31,$0.0000,0.00,$0.68,0.0,$0.00,$0.0000
122 Elm St - A J Lewis Center - Enviro Studies,41-00442-1,Wastewater,12/01/2022,01/01/2023,31,,0,cf,$20.31,$20.31,$0.0000,0.00,$0.66,0.0,$0.00,$0.0000
122 Elm St - A J Lewis Center - Enviro Studies,41-00442-1,Wastewater,01/01/2023,02/01/2023,31,,0,cf,$20.91,$20.91,$0.0000,0.00,$0.67,0.0,$0.00,$0.0000
122 Elm St - A J Lewis Center - Enviro Studies,41-00442-1,Wastewater,02/01/2023,03/01/2023,28,,0,cf,$20.91,$20.91,$0.0000,0.00,$0.75,0.0,$0.00,$0.0000
122 Elm St - A J Lewis Center - Enviro Studies,41-00442-1,Wastewater,03/01/2023,04/01/2023,31,,0,cf,$20.91,$20.91,$0.0000,0.00,$0.67,0.0,$0.00,$0.0000
122 Elm St - A J Lewis Center - Enviro Studies,41-00442-1,Wastewater,04/01/2023,05/01/2023,30,,0,cf,$20.91,$20.91,$0.0000,0.00,$0.70,0.0,$0.00,$0.0000
122 Elm St - A J Lewis Center - Enviro Studies,41-00442-1,Wastewater,05/01/2023,06/01/2023,31,,0,cf,$20.91,$20.91,$0.0000,0.00,$0.67,0.0,$0.00,$0.0000
122 Elm St - A J Lewis Center - Enviro Studies,41-00442-1,Wastewater,06/01/2023,07/01/2023,30,,0,cf,$20.91,$20.91,$0.0000,0.00,$0.70,0.0,$0.00,$0.0000
122 Elm St - A J Lewis Center - Enviro Studies,41-00442-1,Wastewater,07/01/2023,08/01/2023,31,,0,cf,$20.91,$20.91,$0.0000,0.00,$0.67,0.0,$0.00,$0.0000
122 Elm St - A J Lewis Center - Enviro Studies,41-00442-1,Wastewater,08/01/2023,09/01/2023,31,,0,cf,$20.91,$20.91,$0.0000,0.00,$0.67,0.0,$0.00,$0.0000
122 Elm St - A J Lewis Center - Enviro Studies,41-00442-1,Wastewater,09/01/2023,10/01/2023,30,,0,cf,$20.91,$20.91,$0.0000,0.00,$0.70,0.0,$0.00,$0.0000
122 Elm St - A J Lewis Center - Enviro Studies,43-00443-1,Electricity,10/01/2022,11/01/2022,31,,"7,140",kWh,"$1,218.70","$1,218.70",$0.1707,230.32,$39.31,0.0,$0.00,$0.0000
122 Elm St - A J Lewis Center - Enviro Studies,43-00443-1,Electricity,11/01/2022,12/01/2022,30,,"10,680",kWh,"$1,656.59","$1,656.59",$0.1551,356.00,$55.22,0.0,$0.00,$0.0000
122 Elm St - A J Lewis Center - Enviro Studies,43-00443-1,Electricity,12/01/2022,01/01/2023,31,,"16,920",kWh,"$2,391.68","$2,391.68",$0.1414,545.81,$77.15,0.0,$0.00,$0.0000
122 Elm St - A J Lewis Center - Enviro Studies,43-00443-1,Electricity,01/01/2023,02/01/2023,31,,"17,340",kWh,"$2,429.67","$2,429.67",$0.1401,559.35,$78.38,0.0,$0.00,$0.0000
122 Elm St - A J Lewis Center - Enviro Studies,43-00443-1,Electricity,02/01/2023,03/01/2023,28,,"12,120",kWh,"$1,851.11","$1,851.11",$0.1527,432.86,$66.11,0.0,$0.00,$0.0000
122 Elm St - A J Lewis Center - Enviro Studies,43-00443-1,Electricity,03/01/2023,04/01/2023,31,,"11,760",kWh,"$1,738.39","$1,738.39",$0.1478,379.35,$56.08,0.0,$0.00,$0.0000
122 Elm St - A J Lewis Center - Enviro Studies,43-00443-1,Electricity,04/01/2023,05/01/2023,30,,"3,300",kWh,$806.94,$806.94,$0.2445,110.00,$26.90,0.0,$0.00,$0.0000
122 Elm St - A J Lewis Center - Enviro Studies,43-00443-1,Electricity,05/01/2023,06/01/2023,31,,-600,kWh,$497.68,$497.68,$0.0000,-19.35,$16.05,0.0,$0.00,$0.0000
122 Elm St - A J Lewis Center - Enviro Studies,43-00443-1,Electricity,06/01/2023,07/01/2023,30,,"-1,260",kWh,$132.87,$132.87,$0.0000,-42.00,$4.43,0.0,$0.00,$0.0000
122 Elm St - A J Lewis Center - Enviro Studies,43-00443-1,Electricity,07/01/2023,08/01/2023,31,,0,kWh,$361.80,$361.80,$0.0000,0.00,$11.67,0.0,$0.00,$0.0000
122 Elm St - A J Lewis Center - Enviro Studies,43-00443-1,Electricity,08/01/2023,09/01/2023,31,,420,kWh,$310.22,$310.22,$0.7386,13.55,$10.01,0.0,$0.00,$0.0000
122 Elm St - A J Lewis Center - Enviro Studies,43-00443-1,Electricity,09/01/2023,10/01/2023,30,,"2,400",kWh,$604.95,$604.95,$0.2521,80.00,$20.17,0.0,$0.00,$0.0000
132 Elm St - AJLC Annex ,12297933 001 000 0,Natural Gas,10/28/2022,11/30/2022,33,,141,ccf,$183.16,$234.04,$1.6599,4.27,$7.09,0.0,$0.00,$0.0000
132 Elm St - AJLC Annex ,12297933 001 000 0,Natural Gas,11/30/2022,01/03/2023,34,,378,ccf,$453.22,$521.70,$1.3802,11.12,$15.34,0.0,$0.00,$0.0000
132 Elm St - AJLC Annex ,12297933 001 000 0,Natural Gas,01/03/2023,02/01/2023,29,,318,ccf,$317.68,$382.00,$1.2013,10.97,$13.17,0.0,$0.00,$0.0000
132 Elm St - AJLC Annex ,12297933 001 000 0,Natural Gas,02/01/2023,03/02/2023,29,,241,ccf,$204.61,$266.73,$1.1068,8.31,$9.20,0.0,$0.00,$0.0000
132 Elm St - AJLC Annex ,12297933 001 000 0,Natural Gas,03/02/2023,03/31/2023,29,,210,ccf,$178.29,$240.27,$1.1441,7.24,$8.29,0.0,$0.00,$0.0000
132 Elm St - AJLC Annex ,12297933 001 000 0,Natural Gas,03/31/2023,05/02/2023,32,,138,ccf,$117.16,$174.44,$1.2641,4.31,$5.45,0.0,$0.00,$0.0000
132 Elm St - AJLC Annex ,12297933 001 000 0,Natural Gas,05/02/2023,06/01/2023,30,,25,ccf,$24.98,$71.21,$2.8484,0.83,$2.37,0.0,$0.00,$0.0000
132 Elm St - AJLC Annex ,12297933 001 000 0,Natural Gas,06/01/2023,06/30/2023,29,,1,ccf,$1.00,$45.89,$45.8900,0.03,$1.58,0.0,$0.00,$0.0000
132 Elm St - AJLC Annex ,12297933 001 000 0,Natural Gas,06/30/2023,08/01/2023,32,,2,ccf,$2.00,$46.97,$23.4850,0.06,$1.47,0.0,$0.00,$0.0000
132 Elm St - AJLC Annex ,12297933 001 000 0,Natural Gas,08/01/2023,08/30/2023,29,,0,ccf,$0.00,$46.49,$0.0000,0.00,$1.60,0.0,$0.00,$0.0000
132 Elm St - AJLC Annex ,12297933 001 000 0,Natural Gas,08/30/2023,09/29/2023,30,,1,ccf,$0.70,$47.93,$47.9300,0.03,$1.60,0.0,$0.00,$0.0000
132 Elm St - AJLC Annex ,12297933 001 000 0,Natural Gas,09/29/2023,10/30/2023,31,,1,ccf,$0.70,$47.97,$47.9700,0.03,$1.55,0.0,$0.00,$0.0000
132 Elm St - AJLC Annex ,34-23451-1,Water,10/01/2022,11/01/2022,31,,0,cf,$26.64,$26.64,$0.0000,0.00,$0.86,0.0,$0.00,$0.0000
132 Elm St - AJLC Annex ,34-23451-1,Water,11/01/2022,12/01/2022,30,,0,cf,$26.64,$26.64,$0.0000,0.00,$0.89,0.0,$0.00,$0.0000
132 Elm St - AJLC Annex ,34-23451-1,Water,12/01/2022,01/01/2023,31,,0,cf,$26.64,$26.64,$0.0000,0.00,$0.86,0.0,$0.00,$0.0000
132 Elm St - AJLC Annex ,34-23451-1,Water,01/01/2023,02/01/2023,31,,0,cf,$27.72,$27.72,$0.0000,0.00,$0.89,0.0,$0.00,$0.0000
132 Elm St - AJLC Annex ,34-23451-1,Water,02/01/2023,03/01/2023,28,,0,cf,$27.72,$27.72,$0.0000,0.00,$0.99,0.0,$0.00,$0.0000
132 Elm St - AJLC Annex ,34-23451-1,Water,03/01/2023,04/01/2023,31,,0,cf,$27.72,$27.72,$0.0000,0.00,$0.89,0.0,$0.00,$0.0000
132 Elm St - AJLC Annex ,34-23451-1,Water,04/01/2023,05/01/2023,30,,0,cf,$27.72,$27.72,$0.0000,0.00,$0.92,0.0,$0.00,$0.0000
132 Elm St - AJLC Annex ,34-23451-1,Water,05/01/2023,06/01/2023,31,,0,cf,$27.72,$27.72,$0.0000,0.00,$0.89,0.0,$0.00,$0.0000
132 Elm St - AJLC Annex ,34-23451-1,Water,06/01/2023,07/01/2023,30,,0,cf,$27.72,$27.72,$0.0000,0.00,$0.92,0.0,$0.00,$0.0000
132 Elm St - AJLC Annex ,34-23451-1,Water,07/01/2023,08/01/2023,31,,0,cf,$27.72,$27.72,$0.0000,0.00,$0.89,0.0,$0.00,$0.0000
132 Elm St - AJLC Annex ,34-23451-1,Water,08/01/2023,09/01/2023,31,,0,cf,$27.72,$27.72,$0.0000,0.00,$0.89,0.0,$0.00,$0.0000
132 Elm St - AJLC Annex ,34-23451-1,Water,09/01/2023,10/01/2023,30,,0,cf,$27.72,$27.72,$0.0000,0.00,$0.92,0.0,$0.00,$0.0000
132 Elm St - AJLC Annex ,34-23451-1,Wastewater,10/01/2022,11/01/2022,31,,0,cf,$20.31,$20.31,$0.0000,0.00,$0.66,0.0,$0.00,$0.0000
132 Elm St - AJLC Annex ,34-23451-1,Wastewater,11/01/2022,12/01/2022,30,,0,cf,$20.31,$20.31,$0.0000,0.00,$0.68,0.0,$0.00,$0.0000
132 Elm St - AJLC Annex ,34-23451-1,Wastewater,12/01/2022,01/01/2023,31,,0,cf,$20.31,$20.31,$0.0000,0.00,$0.66,0.0,$0.00,$0.0000
132 Elm St - AJLC Annex ,34-23451-1,Wastewater,01/01/2023,02/01/2023,31,,0,cf,$20.91,$20.91,$0.0000,0.00,$0.67,0.0,$0.00,$0.0000
132 Elm St - AJLC Annex ,34-23451-1,Wastewater,02/01/2023,03/01/2023,28,,0,cf,$20.91,$20.91,$0.0000,0.00,$0.75,0.0,$0.00,$0.0000
132 Elm St - AJLC Annex ,34-23451-1,Wastewater,03/01/2023,04/01/2023,31,,0,cf,$20.91,$20.91,$0.0000,0.00,$0.67,0.0,$0.00,$0.0000
132 Elm St - AJLC Annex ,34-23451-1,Wastewater,04/01/2023,05/01/2023,30,,0,cf,$20.91,$20.91,$0.0000,0.00,$0.70,0.0,$0.00,$0.0000
132 Elm St - AJLC Annex ,34-23451-1,Wastewater,05/01/2023,06/01/2023,31,,0,cf,$20.91,$20.91,$0.0000,0.00,$0.67,0.0,$0.00,$0.0000
132 Elm St - AJLC Annex ,34-23451-1,Wastewater,06/01/2023,07/01/2023,30,,0,cf,$20.91,$20.91,$0.0000,0.00,$0.70,0.0,$0.00,$0.0000
132 Elm St - AJLC Annex ,34-23451-1,Wastewater,07/01/2023,08/01/2023,31,,0,cf,$20.91,$20.91,$0.0000,0.00,$0.67,0.0,$0.00,$0.0000
132 Elm St - AJLC Annex ,34-23451-1,Wastewater,08/01/2023,09/01/2023,31,,0,cf,$20.91,$20.91,$0.0000,0.00,$0.67,0.0,$0.00,$0.0000
132 Elm St - AJLC Annex ,34-23451-1,Wastewater,09/01/2023,10/01/2023,30,,0,cf,$20.91,$20.91,$0.0000,0.00,$0.70,0.0,$0.00,$0.0000
134 S Professor St - Allencroft,200419886,Natural Gas,10/10/2022,11/11/2022,32,,35,Mcf,$94.94,$94.94,$2.7126,1.09,$2.97,0.0,$0.00,$0.0000
134 S Professor St - Allencroft,200419886,Natural Gas,10/10/2022,11/11/2022,32,,0,Mcf,$0.00,$45.80,$0.0000,0.00,$1.43,0.0,$0.00,$0.0000
134 S Professor St - Allencroft,200419886,Natural Gas,11/11/2022,12/20/2022,39,,0,Mcf,$0.00,$118.86,$0.0000,0.00,$3.05,0.0,$0.00,$0.0000
134 S Professor St - Allencroft,200419886,Natural Gas,11/11/2022,12/20/2022,39,,91,Mcf,$742.40,$742.40,$8.1582,2.33,$19.04,0.0,$0.00,$0.0000
134 S Professor St - Allencroft,200419886,Natural Gas,12/20/2022,01/11/2023,22,,90,Mcf,$735.18,$735.18,$8.1687,4.09,$33.42,0.0,$0.00,$0.0000
134 S Professor St - Allencroft,200419886,Natural Gas,12/20/2022,01/11/2023,22,,0,Mcf,$0.00,$116.52,$0.0000,0.00,$5.30,0.0,$0.00,$0.0000
134 S Professor St - Allencroft,200419886,Natural Gas,01/11/2023,02/15/2023,35,,0,Mcf,$0.00,$112.57,$0.0000,0.00,$3.22,0.0,$0.00,$0.0000
134 S Professor St - Allencroft,200419886,Natural Gas,01/11/2023,02/15/2023,35,,87,Mcf,$822.67,$822.67,$9.4560,2.49,$23.50,0.0,$0.00,$0.0000
134 S Professor St - Allencroft,200419886,Natural Gas,02/15/2023,03/13/2023,26,,67,Mcf,$620.08,$620.08,$9.2549,2.58,$23.85,0.0,$0.00,$0.0000
134 S Professor St - Allencroft,200419886,Natural Gas,02/15/2023,03/13/2023,26,,0,Mcf,$0.00,$96.53,$0.0000,0.00,$3.71,0.0,$0.00,$0.0000
134 S Professor St - Allencroft,200419886,Natural Gas,03/13/2023,04/15/2023,33,,0,Mcf,$0.00,$75.21,$0.0000,0.00,$2.28,0.0,$0.00,$0.0000
134 S Professor St - Allencroft,200419886,Natural Gas,03/13/2023,04/15/2023,33,,52,Mcf,$458.25,$458.25,$8.8125,1.58,$13.89,0.0,$0.00,$0.0000
134 S Professor St - Allencroft,200419886,Natural Gas,04/15/2023,05/11/2023,26,,41,Mcf,$341.99,$341.99,$8.3412,1.58,$13.15,0.0,$0.00,$0.0000
134 S Professor St - Allencroft,200419886,Natural Gas,04/15/2023,05/11/2023,26,,0,Mcf,$0.00,$61.72,$0.0000,0.00,$2.37,0.0,$0.00,$0.0000
134 S Professor St - Allencroft,200419886,Natural Gas,05/11/2023,06/12/2023,32,,0,Mcf,$0.00,$21.65,$0.0000,0.00,$0.68,0.0,$0.00,$0.0000
134 S Professor St - Allencroft,200419886,Natural Gas,05/11/2023,06/12/2023,32,,16,Mcf,$77.98,$77.98,$4.8738,0.50,$2.44,0.0,$0.00,$0.0000
134 S Professor St - Allencroft,200419886,Natural Gas,06/12/2023,07/11/2023,29,,1,Mcf,$9.48,$9.48,$9.4800,0.03,$0.33,0.0,$0.00,$0.0000
134 S Professor St - Allencroft,200419886,Natural Gas,06/12/2023,07/11/2023,29,,0,Mcf,$0.00,$1.76,$0.0000,0.00,$0.06,0.0,$0.00,$0.0000
134 S Professor St - Allencroft,200419886,Natural Gas,07/11/2023,08/10/2023,30,,0,Mcf,$0.00,$1.38,$0.0000,0.00,$0.05,0.0,$0.00,$0.0000
134 S Professor St - Allencroft,200419886,Natural Gas,07/11/2023,08/10/2023,30,,1,Mcf,$4.23,$4.23,$4.2300,0.03,$0.14,0.0,$0.00,$0.0000
134 S Professor St - Allencroft,200419886,Natural Gas,08/10/2023,09/14/2023,35,,0,Mcf,$0.00,$0.00,$0.0000,0.00,$0.00,0.0,$0.00,$0.0000
134 S Professor St - Allencroft,200419886,Natural Gas,08/10/2023,09/14/2023,35,,0,Mcf,$0.00,$0.00,$0.0000,0.00,$0.00,0.0,$0.00,$0.0000
134 S Professor St - Allencroft,41-00490-1,Electricity,10/01/2022,11/01/2022,31,,"1,575",kWh,$234.79,$234.79,$0.1491,50.81,$7.57,0.0,$0.00,$0.0000
134 S Professor St - Allencroft,41-00490-1,Electricity,11/01/2022,12/01/2022,30,,"2,007",kWh,$285.45,$285.45,$0.1422,66.90,$9.52,0.0,$0.00,$0.0000
134 S Professor St - Allencroft,41-00490-1,Electricity,12/01/2022,01/01/2023,31,,"1,829",kWh,$275.54,$275.54,$0.1507,59.00,$8.89,0.0,$0.00,$0.0000
134 S Professor St - Allencroft,41-00490-1,Electricity,01/01/2023,02/01/2023,31,,"3,472",kWh,$507.56,$507.56,$0.1462,112.00,$16.37,0.0,$0.00,$0.0000
134 S Professor St - Allencroft,41-00490-1,Electricity,02/01/2023,03/01/2023,28,,"4,052",kWh,$569.73,$569.73,$0.1406,144.71,$20.35,0.0,$0.00,$0.0000
134 S Professor St - Allencroft,41-00490-1,Electricity,03/01/2023,04/01/2023,31,,"3,923",kWh,$514.92,$514.92,$0.1313,126.55,$16.61,0.0,$0.00,$0.0000
134 S Professor St - Allencroft,41-00490-1,Electricity,04/01/2023,05/01/2023,30,,"2,567",kWh,$350.38,$350.38,$0.1365,85.57,$11.68,0.0,$0.00,$0.0000
134 S Professor St - Allencroft,41-00490-1,Electricity,05/01/2023,06/01/2023,31,,"1,528",kWh,$224.26,$224.26,$0.1468,49.29,$7.23,0.0,$0.00,$0.0000
134 S Professor St - Allencroft,41-00490-1,Electricity,06/01/2023,07/01/2023,30,,"1,016",kWh,$155.76,$155.76,$0.1533,33.87,$5.19,0.0,$0.00,$0.0000
134 S Professor St - Allencroft,41-00490-1,Electricity,07/01/2023,08/01/2023,31,,813,kWh,$123.26,$123.26,$0.1516,26.23,$3.98,0.0,$0.00,$0.0000
134 S Professor St - Allencroft,41-00490-1,Electricity,08/01/2023,09/01/2023,31,,"1,338",kWh,$186.46,$186.46,$0.1394,43.16,$6.01,0.0,$0.00,$0.0000
134 S Professor St - Allencroft,41-00490-1,Electricity,09/01/2023,10/01/2023,30,,"1,604",kWh,$216.22,$216.22,$0.1348,53.47,$7.21,0.0,$0.00,$0.0000
134 S Professor St - Allencroft,41-00490-1,Water,10/01/2022,11/01/2022,31,,"6,400",cf,$568.32,$568.32,$0.0888,206.45,$18.33,0.0,$0.00,$0.0000
134 S Professor St - Allencroft,41-00490-1,Water,11/01/2022,12/01/2022,30,,"3,700",cf,$328.56,$328.56,$0.0888,123.33,$10.95,0.0,$0.00,$0.0000
134 S Professor St - Allencroft,41-00490-1,Water,12/01/2022,01/01/2023,31,,600,cf,$53.28,$53.28,$0.0888,19.35,$1.72,0.0,$0.00,$0.0000
134 S Professor St - Allencroft,41-00490-1,Water,01/01/2023,02/01/2023,31,,"1,600",cf,$147.84,$147.84,$0.0924,51.61,$4.77,0.0,$0.00,$0.0000
134 S Professor St - Allencroft,41-00490-1,Water,02/01/2023,03/01/2023,28,,"1,200",cf,$110.88,$110.88,$0.0924,42.86,$3.96,0.0,$0.00,$0.0000
134 S Professor St - Allencroft,41-00490-1,Water,03/01/2023,04/01/2023,31,,800,cf,$73.92,$73.92,$0.0924,25.81,$2.38,0.0,$0.00,$0.0000
134 S Professor St - Allencroft,41-00490-1,Water,04/01/2023,05/01/2023,30,,"1,400",cf,$129.36,$129.36,$0.0924,46.67,$4.31,0.0,$0.00,$0.0000
134 S Professor St - Allencroft,41-00490-1,Water,05/01/2023,06/01/2023,31,,900,cf,$83.16,$83.16,$0.0924,29.03,$2.68,0.0,$0.00,$0.0000
134 S Professor St - Allencroft,41-00490-1,Water,06/01/2023,07/01/2023,30,,200,cf,$27.72,$27.72,$0.1386,6.67,$0.92,0.0,$0.00,$0.0000
134 S Professor St - Allencroft,41-00490-1,Water,07/01/2023,08/01/2023,31,,100,cf,$27.72,$27.72,$0.2772,3.23,$0.89,0.0,$0.00,$0.0000
134 S Professor St - Allencroft,41-00490-1,Water,08/01/2023,09/01/2023,31,,100,cf,$27.72,$27.72,$0.2772,3.23,$0.89,0.0,$0.00,$0.0000
134 S Professor St - Allencroft,41-00490-1,Water,09/01/2023,10/01/2023,30,,400,cf,$36.96,$36.96,$0.0924,13.33,$1.23,0.0,$0.00,$0.0000
134 S Professor St - Allencroft,41-00490-1,Wastewater,10/01/2022,11/01/2022,31,,"6,400",cf,$433.28,$433.28,$0.0677,206.45,$13.98,0.0,$0.00,$0.0000
134 S Professor St - Allencroft,41-00490-1,Wastewater,11/01/2022,12/01/2022,30,,"3,700",cf,$250.49,$250.49,$0.0677,123.33,$8.35,0.0,$0.00,$0.0000
134 S Professor St - Allencroft,41-00490-1,Wastewater,12/01/2022,01/01/2023,31,,600,cf,$40.62,$40.62,$0.0677,19.35,$1.31,0.0,$0.00,$0.0000
134 S Professor St - Allencroft,41-00490-1,Wastewater,01/01/2023,02/01/2023,31,,"1,600",cf,$111.52,$111.52,$0.0697,51.61,$3.60,0.0,$0.00,$0.0000
134 S Professor St - Allencroft,41-00490-1,Wastewater,02/01/2023,03/01/2023,28,,"1,200",cf,$83.64,$83.64,$0.0697,42.86,$2.99,0.0,$0.00,$0.0000
134 S Professor St - Allencroft,41-00490-1,Wastewater,03/01/2023,04/01/2023,31,,800,cf,$55.76,$55.76,$0.0697,25.81,$1.80,0.0,$0.00,$0.0000
134 S Professor St - Allencroft,41-00490-1,Wastewater,04/01/2023,05/01/2023,30,,"1,400",cf,$97.58,$97.58,$0.0697,46.67,$3.25,0.0,$0.00,$0.0000
134 S Professor St - Allencroft,41-00490-1,Wastewater,05/01/2023,06/01/2023,31,,900,cf,$62.73,$62.73,$0.0697,29.03,$2.02,0.0,$0.00,$0.0000
134 S Professor St - Allencroft,41-00490-1,Wastewater,06/01/2023,07/01/2023,30,,200,cf,$20.91,$20.91,$0.1046,6.67,$0.70,0.0,$0.00,$0.0000
134 S Professor St - Allencroft,41-00490-1,Wastewater,07/01/2023,08/01/2023,31,,100,cf,$20.91,$20.91,$0.2091,3.23,$0.67,0.0,$0.00,$0.0000
134 S Professor St - Allencroft,41-00490-1,Wastewater,08/01/2023,09/01/2023,31,,100,cf,$20.91,$20.91,$0.2091,3.23,$0.67,0.0,$0.00,$0.0000
134 S Professor St - Allencroft,41-00490-1,Wastewater,09/01/2023,10/01/2023,30,,400,cf,$27.88,$27.88,$0.0697,13.33,$0.93,0.0,$0.00,$0.0000
145 Woodland St - Barrows Hall,200420588,Natural Gas,10/10/2022,11/11/2022,32,,0,Mcf,$0.00,$0.00,$0.0000,0.00,$0.00,0.0,$0.00,$0.0000
145 Woodland St - Barrows Hall,200420588,Natural Gas,10/10/2022,11/11/2022,32,,0,Mcf,$0.00,$0.00,$0.0000,0.00,$0.00,0.0,$0.00,$0.0000
145 Woodland St - Barrows Hall,200420588,Natural Gas,11/11/2022,12/20/2022,39,,0,Mcf,$0.00,$0.00,$0.0000,0.00,$0.00,0.0,$0.00,$0.0000
145 Woodland St - Barrows Hall,200420588,Natural Gas,11/11/2022,12/20/2022,39,,0,Mcf,$0.00,$0.00,$0.0000,0.00,$0.00,0.0,$0.00,$0.0000
145 Woodland St - Barrows Hall,200420588,Natural Gas,12/20/2022,01/11/2023,22,,0,Mcf,$0.00,$0.00,$0.0000,0.00,$0.00,0.0,$0.00,$0.0000
145 Woodland St - Barrows Hall,200420588,Natural Gas,12/20/2022,01/11/2023,22,,0,Mcf,$0.00,$0.00,$0.0000,0.00,$0.00,0.0,$0.00,$0.0000
145 Woodland St - Barrows Hall,41-00200-1,Electricity,10/01/2022,11/01/2022,31,,"12,960",kWh,"$1,818.56","$1,818.56",$0.1403,418.06,$58.66,0.0,$0.00,$0.0000
145 Woodland St - Barrows Hall,41-00200-1,Electricity,11/01/2022,12/01/2022,30,,"12,640",kWh,"$1,713.34","$1,713.34",$0.1355,421.33,$57.11,0.0,$0.00,$0.0000
145 Woodland St - Barrows Hall,41-00200-1,Electricity,12/01/2022,01/01/2023,31,,"11,040",kWh,"$1,583.52","$1,583.52",$0.1434,356.13,$51.08,0.0,$0.00,$0.0000
145 Woodland St - Barrows Hall,41-00200-1,Electricity,01/01/2023,02/01/2023,31,,"8,400",kWh,"$1,205.31","$1,205.31",$0.1435,270.97,$38.88,0.0,$0.00,$0.0000
145 Woodland St - Barrows Hall,41-00200-1,Electricity,02/01/2023,03/01/2023,28,,"11,440",kWh,"$1,579.59","$1,579.59",$0.1381,408.57,$56.41,0.0,$0.00,$0.0000
145 Woodland St - Barrows Hall,41-00200-1,Electricity,03/01/2023,04/01/2023,31,,"12,000",kWh,"$1,542.24","$1,542.24",$0.1285,387.10,$49.75,0.0,$0.00,$0.0000
145 Woodland St - Barrows Hall,41-00200-1,Electricity,04/01/2023,05/01/2023,30,,"11,920",kWh,"$1,568.97","$1,568.97",$0.1316,397.33,$52.30,0.0,$0.00,$0.0000
145 Woodland St - Barrows Hall,41-00200-1,Electricity,05/01/2023,06/01/2023,31,,"7,920",kWh,"$1,096.96","$1,096.96",$0.1385,255.48,$35.39,0.0,$0.00,$0.0000
145 Woodland St - Barrows Hall,41-00200-1,Electricity,06/01/2023,07/01/2023,30,,"3,920",kWh,$557.23,$557.23,$0.1422,130.67,$18.57,0.0,$0.00,$0.0000
145 Woodland St - Barrows Hall,41-00200-1,Electricity,07/01/2023,08/01/2023,31,,"3,840",kWh,$525.49,$525.49,$0.1368,123.87,$16.95,0.0,$0.00,$0.0000
145 Woodland St - Barrows Hall,41-00200-1,Electricity,08/01/2023,09/01/2023,31,,"7,040",kWh,$914.89,$914.89,$0.1300,227.10,$29.51,0.0,$0.00,$0.0000
145 Woodland St - Barrows Hall,41-00200-1,Electricity,09/01/2023,10/01/2023,30,,"15,600",kWh,"$1,965.43","$1,965.43",$0.1260,520.00,$65.51,0.0,$0.00,$0.0000
145 Woodland St - Barrows Hall,41-00200-1,Water,10/01/2022,11/01/2022,31,,"9,200",cf,$816.96,$816.96,$0.0888,296.77,$26.35,0.0,$0.00,$0.0000
145 Woodland St - Barrows Hall,41-00200-1,Water,11/01/2022,12/01/2022,30,,"11,100",cf,$985.68,$985.68,$0.0888,370.00,$32.86,0.0,$0.00,$0.0000
145 Woodland St - Barrows Hall,41-00200-1,Water,12/01/2022,01/01/2023,31,,"12,200",cf,"$1,083.36","$1,083.36",$0.0888,393.55,$34.95,0.0,$0.00,$0.0000
145 Woodland St - Barrows Hall,41-00200-1,Water,01/01/2023,02/01/2023,31,,"16,400",cf,"$1,515.36","$1,515.36",$0.0924,529.03,$48.88,0.0,$0.00,$0.0000
145 Woodland St - Barrows Hall,41-00200-1,Water,02/01/2023,03/01/2023,28,,"18,200",cf,"$1,681.68","$1,681.68",$0.0924,650.00,$60.06,0.0,$0.00,$0.0000
145 Woodland St - Barrows Hall,41-00200-1,Water,03/01/2023,04/01/2023,31,,"30,200",cf,"$2,790.48","$2,790.48",$0.0924,974.19,$90.02,0.0,$0.00,$0.0000
145 Woodland St - Barrows Hall,41-00200-1,Water,04/01/2023,05/01/2023,30,,"11,000",cf,"$1,016.40","$1,016.40",$0.0924,366.67,$33.88,0.0,$0.00,$0.0000
145 Woodland St - Barrows Hall,41-00200-1,Water,05/01/2023,06/01/2023,31,,"3,800",cf,$351.12,$351.12,$0.0924,122.58,$11.33,0.0,$0.00,$0.0000
145 Woodland St - Barrows Hall,41-00200-1,Water,06/01/2023,07/01/2023,30,,"1,300",cf,$120.12,$120.12,$0.0924,43.33,$4.00,0.0,$0.00,$0.0000
145 Woodland St - Barrows Hall,41-00200-1,Water,07/01/2023,08/01/2023,31,,200,cf,$27.72,$27.72,$0.1386,6.45,$0.89,0.0,$0.00,$0.0000
145 Woodland St - Barrows Hall,41-00200-1,Water,08/01/2023,09/01/2023,31,,"2,000",cf,$184.80,$184.80,$0.0924,64.52,$5.96,0.0,$0.00,$0.0000
145 Woodland St - Barrows Hall,41-00200-1,Water,09/01/2023,10/01/2023,30,,"5,400",cf,$498.96,$498.96,$0.0924,180.00,$16.63,0.0,$0.00,$0.0000
145 Woodland St - Barrows Hall,41-00200-1,Wastewater,10/01/2022,11/01/2022,31,,"9,200",cf,$622.84,$622.84,$0.0677,296.77,$20.09,0.0,$0.00,$0.0000
145 Woodland St - Barrows Hall,41-00200-1,Wastewater,11/01/2022,12/01/2022,30,,"11,100",cf,$751.47,$751.47,$0.0677,370.00,$25.05,0.0,$0.00,$0.0000
145 Woodland St - Barrows Hall,41-00200-1,Wastewater,12/01/2022,01/01/2023,31,,"12,200",cf,$825.94,$825.94,$0.0677,393.55,$26.64,0.0,$0.00,$0.0000
145 Woodland St - Barrows Hall,41-00200-1,Wastewater,01/01/2023,02/01/2023,31,,"16,400",cf,"$1,143.08","$1,143.08",$0.0697,529.03,$36.87,0.0,$0.00,$0.0000
145 Woodland St - Barrows Hall,41-00200-1,Wastewater,02/01/2023,03/01/2023,28,,"18,200",cf,"$1,268.54","$1,268.54",$0.0697,650.00,$45.31,0.0,$0.00,$0.0000
145 Woodland St - Barrows Hall,41-00200-1,Wastewater,03/01/2023,04/01/2023,31,,"30,200",cf,"$2,104.94","$2,104.94",$0.0697,974.19,$67.90,0.0,$0.00,$0.0000
145 Woodland St - Barrows Hall,41-00200-1,Wastewater,04/01/2023,05/01/2023,30,,"11,000",cf,$766.70,$766.70,$0.0697,366.67,$25.56,0.0,$0.00,$0.0000
145 Woodland St - Barrows Hall,41-00200-1,Wastewater,05/01/2023,06/01/2023,31,,"3,800",cf,$264.86,$264.86,$0.0697,122.58,$8.54,0.0,$0.00,$0.0000
145 Woodland St - Barrows Hall,41-00200-1,Wastewater,06/01/2023,07/01/2023,30,,"1,300",cf,$90.61,$90.61,$0.0697,43.33,$3.02,0.0,$0.00,$0.0000
145 Woodland St - Barrows Hall,41-00200-1,Wastewater,07/01/2023,08/01/2023,31,,200,cf,$20.91,$20.91,$0.1046,6.45,$0.67,0.0,$0.00,$0.0000
145 Woodland St - Barrows Hall,41-00200-1,Wastewater,08/01/2023,09/01/2023,31,,"2,000",cf,$139.40,$139.40,$0.0697,64.52,$4.50,0.0,$0.00,$0.0000
145 Woodland St - Barrows Hall,41-00200-1,Wastewater,09/01/2023,10/01/2023,30,,"5,400",cf,$376.38,$376.38,$0.0697,180.00,$12.55,0.0,$0.00,$0.0000
145 Woodland St - Barrows Hall,41-00201-1,Water,10/01/2022,11/01/2022,31,,"13,000",cf,"$1,154.40","$1,154.40",$0.0888,419.35,$37.24,0.0,$0.00,$0.0000
145 Woodland St - Barrows Hall,41-00201-1,Water,11/01/2022,12/01/2022,30,,"12,600",cf,"$1,118.88","$1,118.88",$0.0888,420.00,$37.30,0.0,$0.00,$0.0000
145 Woodland St - Barrows Hall,41-00201-1,Water,12/01/2022,01/01/2023,31,,"11,700",cf,"$1,038.96","$1,038.96",$0.0888,377.42,$33.51,0.0,$0.00,$0.0000
145 Woodland St - Barrows Hall,41-00201-1,Water,01/01/2023,02/01/2023,31,,"8,200",cf,$757.68,$757.68,$0.0924,264.52,$24.44,0.0,$0.00,$0.0000
145 Woodland St - Barrows Hall,41-00201-1,Water,02/01/2023,03/01/2023,28,,"14,900",cf,"$1,376.76","$1,376.76",$0.0924,532.14,$49.17,0.0,$0.00,$0.0000
145 Woodland St - Barrows Hall,41-00201-1,Water,03/01/2023,04/01/2023,31,,"15,100",cf,"$1,395.24","$1,395.24",$0.0924,487.10,$45.01,0.0,$0.00,$0.0000
145 Woodland St - Barrows Hall,41-00201-1,Water,04/01/2023,05/01/2023,30,,"14,300",cf,"$1,321.32","$1,321.32",$0.0924,476.67,$44.04,0.0,$0.00,$0.0000
145 Woodland St - Barrows Hall,41-00201-1,Water,05/01/2023,06/01/2023,31,,"5,900",cf,$545.16,$545.16,$0.0924,190.32,$17.59,0.0,$0.00,$0.0000
145 Woodland St - Barrows Hall,41-00201-1,Water,06/01/2023,07/01/2023,30,,"1,200",cf,$110.88,$110.88,$0.0924,40.00,$3.70,0.0,$0.00,$0.0000
145 Woodland St - Barrows Hall,41-00201-1,Water,07/01/2023,08/01/2023,31,,300,cf,$27.72,$27.72,$0.0924,9.68,$0.89,0.0,$0.00,$0.0000
145 Woodland St - Barrows Hall,41-00201-1,Water,08/01/2023,09/01/2023,31,,"3,000",cf,$277.20,$277.20,$0.0924,96.77,$8.94,0.0,$0.00,$0.0000
145 Woodland St - Barrows Hall,41-00201-1,Water,09/01/2023,10/01/2023,30,,"10,700",cf,$988.68,$988.68,$0.0924,356.67,$32.96,0.0,$0.00,$0.0000
145 Woodland St - Barrows Hall,41-00201-1,Wastewater,10/01/2022,11/01/2022,31,,"13,000",cf,$880.10,$880.10,$0.0677,419.35,$28.39,0.0,$0.00,$0.0000
145 Woodland St - Barrows Hall,41-00201-1,Wastewater,11/01/2022,12/01/2022,30,,"12,600",cf,$853.02,$853.02,$0.0677,420.00,$28.43,0.0,$0.00,$0.0000
145 Woodland St - Barrows Hall,41-00201-1,Wastewater,12/01/2022,01/01/2023,31,,"11,700",cf,$792.09,$792.09,$0.0677,377.42,$25.55,0.0,$0.00,$0.0000
145 Woodland St - Barrows Hall,41-00201-1,Wastewater,01/01/2023,02/01/2023,31,,"8,200",cf,$571.54,$571.54,$0.0697,264.52,$18.44,0.0,$0.00,$0.0000
145 Woodland St - Barrows Hall,41-00201-1,Wastewater,02/01/2023,03/01/2023,28,,"14,900",cf,"$1,038.53","$1,038.53",$0.0697,532.14,$37.09,0.0,$0.00,$0.0000
145 Woodland St - Barrows Hall,41-00201-1,Wastewater,03/01/2023,04/01/2023,31,,"15,100",cf,"$1,052.47","$1,052.47",$0.0697,487.10,$33.95,0.0,$0.00,$0.0000
145 Woodland St - Barrows Hall,41-00201-1,Wastewater,04/01/2023,05/01/2023,30,,"14,300",cf,$996.71,$996.71,$0.0697,476.67,$33.22,0.0,$0.00,$0.0000
145 Woodland St - Barrows Hall,41-00201-1,Wastewater,05/01/2023,06/01/2023,31,,"5,900",cf,$411.23,$411.23,$0.0697,190.32,$13.27,0.0,$0.00,$0.0000
145 Woodland St - Barrows Hall,41-00201-1,Wastewater,06/01/2023,07/01/2023,30,,"1,200",cf,$83.64,$83.64,$0.0697,40.00,$2.79,0.0,$0.00,$0.0000
145 Woodland St - Barrows Hall,41-00201-1,Wastewater,07/01/2023,08/01/2023,31,,300,cf,$20.91,$20.91,$0.0697,9.68,$0.67,0.0,$0.00,$0.0000
145 Woodland St - Barrows Hall,41-00201-1,Wastewater,08/01/2023,09/01/2023,31,,"3,000",cf,$209.10,$209.10,$0.0697,96.77,$6.75,0.0,$0.00,$0.0000
145 Woodland St - Barrows Hall,41-00201-1,Wastewater,09/01/2023,10/01/2023,30,,"10,700",cf,$745.79,$745.79,$0.0697,356.67,$24.86,0.0,$0.00,$0.0000
148 N Professor St - Barnard House,200420592,Natural Gas,10/10/2022,11/11/2022,32,,6,Mcf,$16.28,$16.28,$2.7133,0.19,$0.51,0.0,$0.00,$0.0000
148 N Professor St - Barnard House,200420592,Natural Gas,10/10/2022,11/11/2022,32,,0,Mcf,$0.00,$7.85,$0.0000,0.00,$0.25,0.0,$0.00,$0.0000
148 N Professor St - Barnard House,200420592,Natural Gas,11/11/2022,12/20/2022,39,,0,Mcf,$0.00,$10.45,$0.0000,0.00,$0.27,0.0,$0.00,$0.0000
148 N Professor St - Barnard House,200420592,Natural Gas,11/11/2022,12/20/2022,39,,8,Mcf,$65.27,$65.27,$8.1588,0.21,$1.67,0.0,$0.00,$0.0000
148 N Professor St - Barnard House,200420592,Natural Gas,12/20/2022,01/11/2023,22,,4,Mcf,$32.67,$32.67,$8.1675,0.18,$1.49,0.0,$0.00,$0.0000
148 N Professor St - Barnard House,200420592,Natural Gas,12/20/2022,01/11/2023,22,,0,Mcf,$0.00,$5.18,$0.0000,0.00,$0.24,0.0,$0.00,$0.0000
148 N Professor St - Barnard House,200420592,Natural Gas,01/11/2023,02/15/2023,35,,0,Mcf,$0.00,$10.35,$0.0000,0.00,$0.30,0.0,$0.00,$0.0000
148 N Professor St - Barnard House,200420592,Natural Gas,01/11/2023,02/15/2023,35,,8,Mcf,$75.65,$75.65,$9.4563,0.23,$2.16,0.0,$0.00,$0.0000
148 N Professor St - Barnard House,200420592,Natural Gas,02/15/2023,03/13/2023,26,,7,Mcf,$64.78,$64.78,$9.2543,0.27,$2.49,0.0,$0.00,$0.0000
148 N Professor St - Barnard House,200420592,Natural Gas,02/15/2023,03/13/2023,26,,0,Mcf,$0.00,$10.09,$0.0000,0.00,$0.39,0.0,$0.00,$0.0000
148 N Professor St - Barnard House,200420592,Natural Gas,03/13/2023,04/15/2023,33,,0,Mcf,$0.00,$10.12,$0.0000,0.00,$0.31,0.0,$0.00,$0.0000
148 N Professor St - Barnard House,200420592,Natural Gas,04/15/2023,05/11/2023,26,,0,Mcf,$0.00,$12.04,$0.0000,0.00,$0.46,0.0,$0.00,$0.0000
148 N Professor St - Barnard House,200420592,Natural Gas,03/13/2023,05/11/2023,59,,8,Mcf,$66.73,$66.73,$8.3413,0.14,$1.13,0.0,$0.00,$0.0000
148 N Professor St - Barnard House,200420592,Natural Gas,05/11/2023,06/12/2023,32,,2,Mcf,$9.75,$9.75,$4.8750,0.06,$0.30,0.0,$0.00,$0.0000
148 N Professor St - Barnard House,200420592,Natural Gas,05/11/2023,06/12/2023,32,,0,Mcf,$0.00,$2.71,$0.0000,0.00,$0.08,0.0,$0.00,$0.0000
148 N Professor St - Barnard House,200420592,Natural Gas,06/12/2023,07/11/2023,29,,0,Mcf,$0.00,$0.00,$0.0000,0.00,$0.00,0.0,$0.00,$0.0000
148 N Professor St - Barnard House,200420592,Natural Gas,06/12/2023,07/11/2023,29,,0,Mcf,$0.00,$0.00,$0.0000,0.00,$0.00,0.0,$0.00,$0.0000
148 N Professor St - Barnard House,200420592,Natural Gas,07/11/2023,08/10/2023,30,,0,Mcf,$0.00,$0.00,$0.0000,0.00,$0.00,0.0,$0.00,$0.0000
148 N Professor St - Barnard House,200420592,Natural Gas,07/11/2023,08/10/2023,30,,0,Mcf,$0.00,$0.00,$0.0000,0.00,$0.00,0.0,$0.00,$0.0000
148 N Professor St - Barnard House,200420592,Natural Gas,08/10/2023,09/14/2023,35,,0,Mcf,$0.00,$0.00,$0.0000,0.00,$0.00,0.0,$0.00,$0.0000
148 N Professor St - Barnard House,200420592,Natural Gas,08/10/2023,09/14/2023,35,,0,Mcf,$0.00,$0.00,$0.0000,0.00,$0.00,0.0,$0.00,$0.0000
148 N Professor St - Barnard House,41-00070-1,Water,10/01/2022,11/01/2022,31,,"5,800",cf,$515.04,$515.04,$0.0888,187.10,$16.61,0.0,$0.00,$0.0000
148 N Professor St - Barnard House,41-00070-1,Water,11/01/2022,12/01/2022,30,,"2,500",cf,$222.00,$222.00,$0.0888,83.33,$7.40,0.0,$0.00,$0.0000
148 N Professor St - Barnard House,41-00070-1,Water,12/01/2022,01/01/2023,31,,"1,800",cf,$159.84,$159.84,$0.0888,58.06,$5.16,0.0,$0.00,$0.0000
148 N Professor St - Barnard House,41-00070-1,Water,01/01/2023,02/01/2023,31,,"2,600",cf,$240.24,$240.24,$0.0924,83.87,$7.75,0.0,$0.00,$0.0000
148 N Professor St - Barnard House,41-00070-1,Water,02/01/2023,03/01/2023,28,,"3,300",cf,$304.92,$304.92,$0.0924,117.86,$10.89,0.0,$0.00,$0.0000
148 N Professor St - Barnard House,41-00070-1,Water,03/01/2023,04/01/2023,31,,"2,700",cf,$249.48,$249.48,$0.0924,87.10,$8.05,0.0,$0.00,$0.0000
148 N Professor St - Barnard House,41-00070-1,Water,04/01/2023,05/04/2023,33,,"2,700",cf,$249.48,$249.48,$0.0924,81.82,$7.56,0.0,$0.00,$0.0000
148 N Professor St - Barnard House,41-00070-1,Water,05/04/2023,06/07/2023,34,,"1,700",cf,$157.08,$157.08,$0.0924,50.00,$4.62,0.0,$0.00,$0.0000
148 N Professor St - Barnard House,41-00070-1,Water,06/07/2023,07/12/2023,35,,700,cf,$64.68,$64.68,$0.0924,20.00,$1.85,0.0,$0.00,$0.0000
148 N Professor St - Barnard House,41-00070-1,Water,07/12/2023,08/07/2023,26,,"2,100",cf,$194.04,$194.04,$0.0924,80.77,$7.46,0.0,$0.00,$0.0000
148 N Professor St - Barnard House,41-00070-1,Water,08/07/2023,09/12/2023,36,,"6,300",cf,$582.12,$582.12,$0.0924,175.00,$16.17,0.0,$0.00,$0.0000
148 N Professor St - Barnard House,41-00070-1,Water,09/12/2023,10/10/2023,28,,"4,100",cf,$378.84,$378.84,$0.0924,146.43,$13.53,0.0,$0.00,$0.0000
148 N Professor St - Barnard House,41-00070-1,Wastewater,10/01/2022,11/01/2022,31,,"5,800",cf,$392.66,$392.66,$0.0677,187.10,$12.67,0.0,$0.00,$0.0000
148 N Professor St - Barnard House,41-00070-1,Wastewater,11/01/2022,12/01/2022,30,,"2,500",cf,$169.25,$169.25,$0.0677,83.33,$5.64,0.0,$0.00,$0.0000
148 N Professor St - Barnard House,41-00070-1,Wastewater,12/01/2022,01/01/2023,31,,"1,800",cf,$121.86,$121.86,$0.0677,58.06,$3.93,0.0,$0.00,$0.0000
148 N Professor St - Barnard House,41-00070-1,Wastewater,01/01/2023,02/01/2023,31,,"2,600",cf,$181.22,$181.22,$0.0697,83.87,$5.85,0.0,$0.00,$0.0000
148 N Professor St - Barnard House,41-00070-1,Wastewater,02/01/2023,03/01/2023,28,,"3,300",cf,$230.01,$230.01,$0.0697,117.86,$8.21,0.0,$0.00,$0.0000
148 N Professor St - Barnard House,41-00070-1,Wastewater,03/01/2023,04/01/2023,31,,"2,700",cf,$188.19,$188.19,$0.0697,87.10,$6.07,0.0,$0.00,$0.0000
148 N Professor St - Barnard House,41-00070-1,Wastewater,04/01/2023,05/04/2023,33,,"2,700",cf,$188.19,$188.19,$0.0697,81.82,$5.70,0.0,$0.00,$0.0000
148 N Professor St - Barnard House,41-00070-1,Wastewater,05/04/2023,06/07/2023,34,,"1,700",cf,$118.49,$118.49,$0.0697,50.00,$3.49,0.0,$0.00,$0.0000
148 N Professor St - Barnard House,41-00070-1,Wastewater,06/07/2023,07/12/2023,35,,700,cf,$48.79,$48.79,$0.0697,20.00,$1.39,0.0,$0.00,$0.0000
148 N Professor St - Barnard House,41-00070-1,Wastewater,07/12/2023,08/07/2023,26,,"2,100",cf,$146.37,$146.37,$0.0697,80.77,$5.63,0.0,$0.00,$0.0000
148 N Professor St - Barnard House,41-00070-1,Wastewater,08/07/2023,09/12/2023,36,,"6,300",cf,$439.11,$439.11,$0.0697,175.00,$12.20,0.0,$0.00,$0.0000
148 N Professor St - Barnard House,41-00070-1,Wastewater,09/12/2023,10/10/2023,28,,"4,100",cf,$285.77,$285.77,$0.0697,146.43,$10.21,0.0,$0.00,$0.0000
148 N Professor St - Barnard House,41-00071-1,Water,10/01/2022,11/01/2022,31,,"4,000",cf,$355.20,$355.20,$0.0888,129.03,$11.46,0.0,$0.00,$0.0000
148 N Professor St - Barnard House,41-00071-1,Water,11/01/2022,12/01/2022,30,,"3,100",cf,$275.28,$275.28,$0.0888,103.33,$9.18,0.0,$0.00,$0.0000
148 N Professor St - Barnard House,41-00071-1,Water,12/01/2022,01/01/2023,31,,"2,300",cf,$204.24,$204.24,$0.0888,74.19,$6.59,0.0,$0.00,$0.0000
148 N Professor St - Barnard House,41-00071-1,Water,01/01/2023,02/01/2023,31,,"2,700",cf,$249.48,$249.48,$0.0924,87.10,$8.05,0.0,$0.00,$0.0000
148 N Professor St - Barnard House,41-00071-1,Water,02/01/2023,03/01/2023,28,,"3,300",cf,$304.92,$304.92,$0.0924,117.86,$10.89,0.0,$0.00,$0.0000
148 N Professor St - Barnard House,41-00071-1,Water,03/01/2023,04/01/2023,31,,"2,900",cf,$267.96,$267.96,$0.0924,93.55,$8.64,0.0,$0.00,$0.0000
148 N Professor St - Barnard House,41-00071-1,Water,04/01/2023,05/01/2023,30,,"3,400",cf,$314.16,$314.16,$0.0924,113.33,$10.47,0.0,$0.00,$0.0000
148 N Professor St - Barnard House,41-00071-1,Water,05/01/2023,06/01/2023,31,,"2,500",cf,$231.00,$231.00,$0.0924,80.65,$7.45,0.0,$0.00,$0.0000
148 N Professor St - Barnard House,41-00071-1,Water,06/01/2023,07/01/2023,30,,200,cf,$27.72,$27.72,$0.1386,6.67,$0.92,0.0,$0.00,$0.0000
148 N Professor St - Barnard House,41-00071-1,Water,07/01/2023,08/01/2023,31,,900,cf,$83.16,$83.16,$0.0924,29.03,$2.68,0.0,$0.00,$0.0000
148 N Professor St - Barnard House,41-00071-1,Water,08/01/2023,09/01/2023,31,,"3,000",cf,$277.20,$277.20,$0.0924,96.77,$8.94,0.0,$0.00,$0.0000
148 N Professor St - Barnard House,41-00071-1,Water,09/01/2023,10/01/2023,30,,"3,700",cf,$341.88,$341.88,$0.0924,123.33,$11.40,0.0,$0.00,$0.0000
148 N Professor St - Barnard House,41-00071-1,Wastewater,10/01/2022,11/01/2022,31,,"4,000",cf,$270.80,$270.80,$0.0677,129.03,$8.74,0.0,$0.00,$0.0000
148 N Professor St - Barnard House,41-00071-1,Wastewater,11/01/2022,12/01/2022,30,,"3,100",cf,$209.87,$209.87,$0.0677,103.33,$7.00,0.0,$0.00,$0.0000
148 N Professor St - Barnard House,41-00071-1,Wastewater,12/01/2022,01/01/2023,31,,"2,300",cf,$155.71,$155.71,$0.0677,74.19,$5.02,0.0,$0.00,$0.0000
148 N Professor St - Barnard House,41-00071-1,Wastewater,01/01/2023,02/01/2023,31,,"2,700",cf,$188.19,$188.19,$0.0697,87.10,$6.07,0.0,$0.00,$0.0000
148 N Professor St - Barnard House,41-00071-1,Wastewater,02/01/2023,03/01/2023,28,,"3,300",cf,$230.01,$230.01,$0.0697,117.86,$8.21,0.0,$0.00,$0.0000
148 N Professor St - Barnard House,41-00071-1,Wastewater,03/01/2023,04/01/2023,31,,"2,900",cf,$202.13,$202.13,$0.0697,93.55,$6.52,0.0,$0.00,$0.0000
148 N Professor St - Barnard House,41-00071-1,Wastewater,04/01/2023,05/01/2023,30,,"3,400",cf,$236.98,$236.98,$0.0697,113.33,$7.90,0.0,$0.00,$0.0000
148 N Professor St - Barnard House,41-00071-1,Wastewater,05/01/2023,06/01/2023,31,,"2,500",cf,$174.25,$174.25,$0.0697,80.65,$5.62,0.0,$0.00,$0.0000
148 N Professor St - Barnard House,41-00071-1,Wastewater,06/01/2023,07/01/2023,30,,200,cf,$20.91,$20.91,$0.1046,6.67,$0.70,0.0,$0.00,$0.0000
148 N Professor St - Barnard House,41-00071-1,Wastewater,07/01/2023,08/01/2023,31,,900,cf,$62.73,$62.73,$0.0697,29.03,$2.02,0.0,$0.00,$0.0000
148 N Professor St - Barnard House,41-00071-1,Wastewater,08/01/2023,09/01/2023,31,,"3,000",cf,$209.10,$209.10,$0.0697,96.77,$6.75,0.0,$0.00,$0.0000
148 N Professor St - Barnard House,41-00071-1,Wastewater,09/01/2023,10/01/2023,30,,"3,700",cf,$257.89,$257.89,$0.0697,123.33,$8.60,0.0,$0.00,$0.0000
208 N Professor St - Bailey House,200420595,Natural Gas,10/10/2022,11/11/2022,32,,0,Mcf,$0.00,$7.85,$0.0000,0.00,$0.25,0.0,$0.00,$0.0000
208 N Professor St - Bailey House,200420595,Natural Gas,10/10/2022,11/11/2022,32,,6,Mcf,$16.28,$16.28,$2.7133,0.19,$0.51,0.0,$0.00,$0.0000
208 N Professor St - Bailey House,200420595,Natural Gas,11/11/2022,12/20/2022,39,,4,Mcf,$32.63,$32.63,$8.1575,0.10,$0.84,0.0,$0.00,$0.0000
208 N Professor St - Bailey House,200420595,Natural Gas,11/11/2022,12/20/2022,39,,0,Mcf,$0.00,$5.22,$0.0000,0.00,$0.13,0.0,$0.00,$0.0000
208 N Professor St - Bailey House,200420595,Natural Gas,12/20/2022,01/11/2023,22,,0,Mcf,$0.00,$1.29,$0.0000,0.00,$0.06,0.0,$0.00,$0.0000
208 N Professor St - Bailey House,200420595,Natural Gas,12/20/2022,01/11/2023,22,,1,Mcf,$8.17,$8.17,$8.1700,0.05,$0.37,0.0,$0.00,$0.0000
208 N Professor St - Bailey House,200420595,Natural Gas,01/11/2023,02/15/2023,35,,5,Mcf,$47.28,$47.28,$9.4560,0.14,$1.35,0.0,$0.00,$0.0000
208 N Professor St - Bailey House,200420595,Natural Gas,01/11/2023,02/15/2023,35,,0,Mcf,$0.00,$6.47,$0.0000,0.00,$0.18,0.0,$0.00,$0.0000
208 N Professor St - Bailey House,200420595,Natural Gas,02/15/2023,03/13/2023,26,,0,Mcf,$0.00,$7.20,$0.0000,0.00,$0.28,0.0,$0.00,$0.0000
208 N Professor St - Bailey House,200420595,Natural Gas,02/15/2023,03/13/2023,26,,5,Mcf,$46.27,$46.27,$9.2540,0.19,$1.78,0.0,$0.00,$0.0000
208 N Professor St - Bailey House,200420595,Natural Gas,03/13/2023,04/15/2023,33,,0,Mcf,$0.00,$4.34,$0.0000,0.00,$0.13,0.0,$0.00,$0.0000
208 N Professor St - Bailey House,200420595,Natural Gas,04/15/2023,05/11/2023,26,,0,Mcf,$0.00,$13.55,$0.0000,0.00,$0.52,0.0,$0.00,$0.0000
208 N Professor St - Bailey House,200420595,Natural Gas,03/13/2023,05/11/2023,59,,9,Mcf,$75.07,$75.07,$8.3411,0.15,$1.27,0.0,$0.00,$0.0000
208 N Professor St - Bailey House,200420595,Natural Gas,05/11/2023,06/12/2023,32,,2,Mcf,$9.75,$9.75,$4.8750,0.06,$0.30,0.0,$0.00,$0.0000
208 N Professor St - Bailey House,200420595,Natural Gas,05/11/2023,06/12/2023,32,,0,Mcf,$0.00,$2.71,$0.0000,0.00,$0.08,0.0,$0.00,$0.0000
208 N Professor St - Bailey House,200420595,Natural Gas,06/12/2023,07/11/2023,29,,0,Mcf,$0.00,$0.00,$0.0000,0.00,$0.00,0.0,$0.00,$0.0000
208 N Professor St - Bailey House,200420595,Natural Gas,06/12/2023,07/11/2023,29,,0,Mcf,$0.00,$0.00,$0.0000,0.00,$0.00,0.0,$0.00,$0.0000
208 N Professor St - Bailey House,200420595,Natural Gas,07/11/2023,08/10/2023,30,,0,Mcf,$0.00,$0.00,$0.0000,0.00,$0.00,0.0,$0.00,$0.0000
208 N Professor St - Bailey House,200420595,Natural Gas,07/11/2023,08/10/2023,30,,0,Mcf,$0.00,$0.00,$0.0000,0.00,$0.00,0.0,$0.00,$0.0000
208 N Professor St - Bailey House,200420595,Natural Gas,08/10/2023,09/14/2023,35,,0,Mcf,$0.00,$0.00,$0.0000,0.00,$0.00,0.0,$0.00,$0.0000
208 N Professor St - Bailey House,200420595,Natural Gas,08/10/2023,09/14/2023,35,,0,Mcf,$0.00,$0.00,$0.0000,0.00,$0.00,0.0,$0.00,$0.0000
208 N Professor St - Bailey House,41-00020-1,Water,10/01/2022,11/01/2022,31,,700,cf,$62.16,$62.16,$0.0888,22.58,$2.01,0.0,$0.00,$0.0000
208 N Professor St - Bailey House,41-00020-1,Water,11/01/2022,12/01/2022,30,,700,cf,$62.16,$62.16,$0.0888,23.33,$2.07,0.0,$0.00,$0.0000
208 N Professor St - Bailey House,41-00020-1,Water,12/01/2022,01/01/2023,31,,500,cf,$44.40,$44.40,$0.0888,16.13,$1.43,0.0,$0.00,$0.0000
208 N Professor St - Bailey House,41-00020-1,Water,01/01/2023,02/01/2023,31,,400,cf,$36.96,$36.96,$0.0924,12.90,$1.19,0.0,$0.00,$0.0000
208 N Professor St - Bailey House,41-00020-1,Water,02/01/2023,03/01/2023,28,,700,cf,$64.68,$64.68,$0.0924,25.00,$2.31,0.0,$0.00,$0.0000
208 N Professor St - Bailey House,41-00020-1,Water,03/01/2023,04/01/2023,31,,600,cf,$55.44,$55.44,$0.0924,19.35,$1.79,0.0,$0.00,$0.0000
208 N Professor St - Bailey House,41-00020-1,Water,04/01/2023,05/01/2023,30,,700,cf,$64.68,$64.68,$0.0924,23.33,$2.16,0.0,$0.00,$0.0000
208 N Professor St - Bailey House,41-00020-1,Water,05/01/2023,06/01/2023,31,,300,cf,$27.72,$27.72,$0.0924,9.68,$0.89,0.0,$0.00,$0.0000
208 N Professor St - Bailey House,41-00020-1,Water,06/01/2023,07/01/2023,30,,200,cf,$27.72,$27.72,$0.1386,6.67,$0.92,0.0,$0.00,$0.0000
208 N Professor St - Bailey House,41-00020-1,Water,07/01/2023,08/01/2023,31,,0,cf,$27.72,$27.72,$0.0000,0.00,$0.89,0.0,$0.00,$0.0000
208 N Professor St - Bailey House,41-00020-1,Water,08/01/2023,09/01/2023,31,,100,cf,$27.72,$27.72,$0.2772,3.23,$0.89,0.0,$0.00,$0.0000
208 N Professor St - Bailey House,41-00020-1,Water,09/01/2023,10/01/2023,30,,400,cf,$36.96,$36.96,$0.0924,13.33,$1.23,0.0,$0.00,$0.0000
208 N Professor St - Bailey House,41-00020-1,Wastewater,10/01/2022,11/01/2022,31,,700,cf,$47.39,$47.39,$0.0677,22.58,$1.53,0.0,$0.00,$0.0000
208 N Professor St - Bailey House,41-00020-1,Wastewater,11/01/2022,12/01/2022,30,,700,cf,$47.39,$47.39,$0.0677,23.33,$1.58,0.0,$0.00,$0.0000
208 N Professor St - Bailey House,41-00020-1,Wastewater,12/01/2022,01/01/2023,31,,500,cf,$33.85,$33.85,$0.0677,16.13,$1.09,0.0,$0.00,$0.0000
208 N Professor St - Bailey House,41-00020-1,Wastewater,01/01/2023,02/01/2023,31,,400,cf,$27.88,$27.88,$0.0697,12.90,$0.90,0.0,$0.00,$0.0000
208 N Professor St - Bailey House,41-00020-1,Wastewater,02/01/2023,03/01/2023,28,,700,cf,$48.79,$48.79,$0.0697,25.00,$1.74,0.0,$0.00,$0.0000
208 N Professor St - Bailey House,41-00020-1,Wastewater,03/01/2023,04/01/2023,31,,600,cf,$41.82,$41.82,$0.0697,19.35,$1.35,0.0,$0.00,$0.0000
208 N Professor St - Bailey House,41-00020-1,Wastewater,04/01/2023,05/01/2023,30,,700,cf,$48.79,$48.79,$0.0697,23.33,$1.63,0.0,$0.00,$0.0000
208 N Professor St - Bailey House,41-00020-1,Wastewater,05/01/2023,06/01/2023,31,,300,cf,$20.91,$20.91,$0.0697,9.68,$0.67,0.0,$0.00,$0.0000
208 N Professor St - Bailey House,41-00020-1,Wastewater,06/01/2023,07/01/2023,30,,200,cf,$20.91,$20.91,$0.1046,6.67,$0.70,0.0,$0.00,$0.0000
208 N Professor St - Bailey House,41-00020-1,Wastewater,07/01/2023,08/01/2023,31,,0,cf,$20.91,$20.91,$0.0000,0.00,$0.67,0.0,$0.00,$0.0000
208 N Professor St - Bailey House,41-00020-1,Wastewater,08/01/2023,09/01/2023,31,,100,cf,$20.91,$20.91,$0.2091,3.23,$0.67,0.0,$0.00,$0.0000
208 N Professor St - Bailey House,41-00020-1,Wastewater,09/01/2023,10/01/2023,30,,400,cf,$27.88,$27.88,$0.0697,13.33,$0.93,0.0,$0.00,$0.0000
208 N Professor St - Bailey House,41-00021-1,Water,10/01/2022,11/01/2022,31,,0,cf,$26.64,$26.64,$0.0000,0.00,$0.86,0.0,$0.00,$0.0000
208 N Professor St - Bailey House,41-00021-1,Water,11/01/2022,12/01/2022,30,,0,cf,$26.64,$26.64,$0.0000,0.00,$0.89,0.0,$0.00,$0.0000
208 N Professor St - Bailey House,41-00021-1,Water,12/01/2022,01/01/2023,31,,0,cf,$26.64,$26.64,$0.0000,0.00,$0.86,0.0,$0.00,$0.0000
208 N Professor St - Bailey House,41-00021-1,Water,01/01/2023,02/01/2023,31,,0,cf,$27.72,$27.72,$0.0000,0.00,$0.89,0.0,$0.00,$0.0000
208 N Professor St - Bailey House,41-00021-1,Water,02/01/2023,03/01/2023,28,,0,cf,$27.72,$27.72,$0.0000,0.00,$0.99,0.0,$0.00,$0.0000
208 N Professor St - Bailey House,41-00021-1,Water,03/01/2023,04/01/2023,31,,0,cf,$27.72,$27.72,$0.0000,0.00,$0.89,0.0,$0.00,$0.0000
208 N Professor St - Bailey House,41-00021-1,Water,04/01/2023,05/01/2023,30,,0,cf,$27.72,$27.72,$0.0000,0.00,$0.92,0.0,$0.00,$0.0000
208 N Professor St - Bailey House,41-00021-1,Water,05/01/2023,06/01/2023,31,,0,cf,$27.72,$27.72,$0.0000,0.00,$0.89,0.0,$0.00,$0.0000
208 N Professor St - Bailey House,41-00021-1,Water,06/01/2023,07/01/2023,30,,0,cf,$27.72,$27.72,$0.0000,0.00,$0.92,0.0,$0.00,$0.0000
208 N Professor St - Bailey House,41-00021-1,Water,07/01/2023,08/01/2023,31,,0,cf,$27.72,$27.72,$0.0000,0.00,$0.89,0.0,$0.00,$0.0000
208 N Professor St - Bailey House,41-00021-1,Water,08/01/2023,09/01/2023,31,,300,cf,$27.72,$27.72,$0.0924,9.68,$0.89,0.0,$0.00,$0.0000
208 N Professor St - Bailey House,41-00021-1,Water,09/01/2023,10/01/2023,30,,"2,200",cf,$203.28,$203.28,$0.0924,73.33,$6.78,0.0,$0.00,$0.0000
208 N Professor St - Bailey House,41-00021-1,Wastewater,10/01/2022,11/01/2022,31,,0,cf,$20.31,$20.31,$0.0000,0.00,$0.66,0.0,$0.00,$0.0000
208 N Professor St - Bailey House,41-00021-1,Wastewater,11/01/2022,12/01/2022,30,,0,cf,$20.31,$20.31,$0.0000,0.00,$0.68,0.0,$0.00,$0.0000
208 N Professor St - Bailey House,41-00021-1,Wastewater,12/01/2022,01/01/2023,31,,0,cf,$20.31,$20.31,$0.0000,0.00,$0.66,0.0,$0.00,$0.0000
208 N Professor St - Bailey House,41-00021-1,Wastewater,01/01/2023,02/01/2023,31,,0,cf,$20.91,$20.91,$0.0000,0.00,$0.67,0.0,$0.00,$0.0000
208 N Professor St - Bailey House,41-00021-1,Wastewater,02/01/2023,03/01/2023,28,,0,cf,$20.91,$20.91,$0.0000,0.00,$0.75,0.0,$0.00,$0.0000
208 N Professor St - Bailey House,41-00021-1,Wastewater,03/01/2023,04/01/2023,31,,0,cf,$20.91,$20.91,$0.0000,0.00,$0.67,0.0,$0.00,$0.0000
208 N Professor St - Bailey House,41-00021-1,Wastewater,04/01/2023,05/01/2023,30,,0,cf,$20.91,$20.91,$0.0000,0.00,$0.70,0.0,$0.00,$0.0000
208 N Professor St - Bailey House,41-00021-1,Wastewater,05/01/2023,06/01/2023,31,,0,cf,$20.91,$20.91,$0.0000,0.00,$0.67,0.0,$0.00,$0.0000
208 N Professor St - Bailey House,41-00021-1,Wastewater,06/01/2023,07/01/2023,30,,0,cf,$20.91,$20.91,$0.0000,0.00,$0.70,0.0,$0.00,$0.0000
208 N Professor St - Bailey House,41-00021-1,Wastewater,07/01/2023,08/01/2023,31,,0,cf,$20.91,$20.91,$0.0000,0.00,$0.67,0.0,$0.00,$0.0000
208 N Professor St - Bailey House,41-00021-1,Wastewater,08/01/2023,09/01/2023,31,,300,cf,$20.91,$20.91,$0.0697,9.68,$0.67,0.0,$0.00,$0.0000
208 N Professor St - Bailey House,41-00021-1,Wastewater,09/01/2023,10/01/2023,30,,"2,200",cf,$153.34,$153.34,$0.0697,73.33,$5.11,0.0,$0.00,$0.0000
30 S Professor St - Baldwin Cottage,200420094,Natural Gas,10/10/2022,11/11/2022,32,,0,Mcf,$0.00,$6.54,$0.0000,0.00,$0.20,0.0,$0.00,$0.0000
30 S Professor St - Baldwin Cottage,200420094,Natural Gas,10/10/2022,11/11/2022,32,,5,Mcf,$13.56,$13.56,$2.7120,0.16,$0.42,0.0,$0.00,$0.0000
30 S Professor St - Baldwin Cottage,200420094,Natural Gas,11/11/2022,12/20/2022,39,,6,Mcf,$48.95,$48.95,$8.1583,0.15,$1.26,0.0,$0.00,$0.0000
30 S Professor St - Baldwin Cottage,200420094,Natural Gas,11/11/2022,12/20/2022,39,,0,Mcf,$0.00,$7.84,$0.0000,0.00,$0.20,0.0,$0.00,$0.0000
30 S Professor St - Baldwin Cottage,200420094,Natural Gas,12/20/2022,01/11/2023,22,,0,Mcf,$0.00,$2.59,$0.0000,0.00,$0.12,0.0,$0.00,$0.0000
30 S Professor St - Baldwin Cottage,200420094,Natural Gas,12/20/2022,01/11/2023,22,,2,Mcf,$16.34,$16.34,$8.1700,0.09,$0.74,0.0,$0.00,$0.0000
30 S Professor St - Baldwin Cottage,200420094,Natural Gas,01/11/2023,02/15/2023,35,,5,Mcf,$47.28,$47.28,$9.4560,0.14,$1.35,0.0,$0.00,$0.0000
30 S Professor St - Baldwin Cottage,200420094,Natural Gas,01/11/2023,02/15/2023,35,,0,Mcf,$0.00,$6.47,$0.0000,0.00,$0.18,0.0,$0.00,$0.0000
30 S Professor St - Baldwin Cottage,200420094,Natural Gas,02/15/2023,03/13/2023,26,,0,Mcf,$0.00,$7.20,$0.0000,0.00,$0.28,0.0,$0.00,$0.0000
30 S Professor St - Baldwin Cottage,200420094,Natural Gas,02/15/2023,03/13/2023,26,,5,Mcf,$46.27,$46.27,$9.2540,0.19,$1.78,0.0,$0.00,$0.0000
30 S Professor St - Baldwin Cottage,200420094,Natural Gas,03/13/2023,04/15/2023,33,,0,Mcf,$0.00,$7.23,$0.0000,0.00,$0.22,0.0,$0.00,$0.0000
30 S Professor St - Baldwin Cottage,200420094,Natural Gas,04/15/2023,05/11/2023,26,,0,Mcf,$0.00,$9.03,$0.0000,0.00,$0.35,0.0,$0.00,$0.0000
30 S Professor St - Baldwin Cottage,200420094,Natural Gas,03/13/2023,05/11/2023,59,,6,Mcf,$50.05,$50.05,$8.3417,0.10,$0.85,0.0,$0.00,$0.0000
30 S Professor St - Baldwin Cottage,200420094,Natural Gas,05/11/2023,06/12/2023,32,,2,Mcf,$9.75,$9.75,$4.8750,0.06,$0.30,0.0,$0.00,$0.0000
30 S Professor St - Baldwin Cottage,200420094,Natural Gas,05/11/2023,06/12/2023,32,,0,Mcf,$0.00,$2.71,$0.0000,0.00,$0.08,0.0,$0.00,$0.0000
30 S Professor St - Baldwin Cottage,200420094,Natural Gas,06/12/2023,07/11/2023,29,,0,Mcf,$0.00,$12.31,$0.0000,0.00,$0.42,0.0,$0.00,$0.0000
30 S Professor St - Baldwin Cottage,200420094,Natural Gas,06/12/2023,07/11/2023,29,,7,Mcf,$66.36,$66.36,$9.4800,0.24,$2.29,0.0,$0.00,$0.0000
30 S Professor St - Baldwin Cottage,200420094,Natural Gas,07/11/2023,08/10/2023,30,,4,Mcf,$16.93,$16.93,$4.2325,0.13,$0.56,0.0,$0.00,$0.0000
30 S Professor St - Baldwin Cottage,200420094,Natural Gas,07/11/2023,08/10/2023,30,,0,Mcf,$0.00,$5.53,$0.0000,0.00,$0.18,0.0,$0.00,$0.0000
30 S Professor St - Baldwin Cottage,200420094,Natural Gas,08/10/2023,09/14/2023,35,,0,Mcf,$0.00,$3.96,$0.0000,0.00,$0.11,0.0,$0.00,$0.0000
30 S Professor St - Baldwin Cottage,200420094,Natural Gas,08/10/2023,09/14/2023,35,,3,Mcf,$12.14,$12.14,$4.0467,0.09,$0.35,0.0,$0.00,$0.0000
30 S Professor St - Baldwin Cottage,41-00410-1,Water,10/01/2022,11/01/2022,31,,700,cf,$62.16,$62.16,$0.0888,22.58,$2.01,0.0,$0.00,$0.0000
30 S Professor St - Baldwin Cottage,41-00410-1,Water,11/01/2022,12/01/2022,30,,600,cf,$53.28,$53.28,$0.0888,20.00,$1.78,0.0,$0.00,$0.0000
30 S Professor St - Baldwin Cottage,41-00410-1,Water,12/01/2022,01/01/2023,31,,500,cf,$44.40,$44.40,$0.0888,16.13,$1.43,0.0,$0.00,$0.0000
30 S Professor St - Baldwin Cottage,41-00410-1,Water,01/01/2023,02/01/2023,31,,300,cf,$27.72,$27.72,$0.0924,9.68,$0.89,0.0,$0.00,$0.0000
30 S Professor St - Baldwin Cottage,41-00410-1,Water,02/01/2023,03/01/2023,28,,800,cf,$73.92,$73.92,$0.0924,28.57,$2.64,0.0,$0.00,$0.0000
30 S Professor St - Baldwin Cottage,41-00410-1,Water,03/01/2023,04/01/2023,31,,700,cf,$64.68,$64.68,$0.0924,22.58,$2.09,0.0,$0.00,$0.0000
30 S Professor St - Baldwin Cottage,41-00410-1,Water,04/01/2023,05/01/2023,30,,"1,000",cf,$92.40,$92.40,$0.0924,33.33,$3.08,0.0,$0.00,$0.0000
30 S Professor St - Baldwin Cottage,41-00410-1,Water,05/01/2023,06/01/2023,31,,300,cf,$27.72,$27.72,$0.0924,9.68,$0.89,0.0,$0.00,$0.0000
30 S Professor St - Baldwin Cottage,41-00410-1,Water,06/01/2023,07/01/2023,30,,600,cf,$55.44,$55.44,$0.0924,20.00,$1.85,0.0,$0.00,$0.0000
30 S Professor St - Baldwin Cottage,41-00410-1,Water,07/01/2023,08/01/2023,31,,0,cf,$27.72,$27.72,$0.0000,0.00,$0.89,0.0,$0.00,$0.0000
30 S Professor St - Baldwin Cottage,41-00410-1,Water,08/01/2023,09/01/2023,31,,300,cf,$27.72,$27.72,$0.0924,9.68,$0.89,0.0,$0.00,$0.0000
30 S Professor St - Baldwin Cottage,41-00410-1,Water,09/01/2023,10/01/2023,30,,"1,200",cf,$110.88,$110.88,$0.0924,40.00,$3.70,0.0,$0.00,$0.0000
30 S Professor St - Baldwin Cottage,41-00410-1,Wastewater,10/01/2022,11/01/2022,31,,700,cf,$47.39,$47.39,$0.0677,22.58,$1.53,0.0,$0.00,$0.0000
30 S Professor St - Baldwin Cottage,41-00410-1,Wastewater,11/01/2022,12/01/2022,30,,600,cf,$40.62,$40.62,$0.0677,20.00,$1.35,0.0,$0.00,$0.0000
30 S Professor St - Baldwin Cottage,41-00410-1,Wastewater,12/01/2022,01/01/2023,31,,500,cf,$33.85,$33.85,$0.0677,16.13,$1.09,0.0,$0.00,$0.0000
30 S Professor St - Baldwin Cottage,41-00410-1,Wastewater,01/01/2023,02/01/2023,31,,300,cf,$20.91,$20.91,$0.0697,9.68,$0.67,0.0,$0.00,$0.0000
30 S Professor St - Baldwin Cottage,41-00410-1,Wastewater,02/01/2023,03/01/2023,28,,800,cf,$55.76,$55.76,$0.0697,28.57,$1.99,0.0,$0.00,$0.0000
30 S Professor St - Baldwin Cottage,41-00410-1,Wastewater,03/01/2023,04/01/2023,31,,700,cf,$48.79,$48.79,$0.0697,22.58,$1.57,0.0,$0.00,$0.0000
30 S Professor St - Baldwin Cottage,41-00410-1,Wastewater,04/01/2023,05/01/2023,30,,"1,000",cf,$69.70,$69.70,$0.0697,33.33,$2.32,0.0,$0.00,$0.0000
30 S Professor St - Baldwin Cottage,41-00410-1,Wastewater,05/01/2023,06/01/2023,31,,300,cf,$20.91,$20.91,$0.0697,9.68,$0.67,0.0,$0.00,$0.0000
30 S Professor St - Baldwin Cottage,41-00410-1,Wastewater,06/01/2023,07/01/2023,30,,600,cf,$41.82,$41.82,$0.0697,20.00,$1.39,0.0,$0.00,$0.0000
30 S Professor St - Baldwin Cottage,41-00410-1,Wastewater,07/01/2023,08/01/2023,31,,0,cf,$20.91,$20.91,$0.0000,0.00,$0.67,0.0,$0.00,$0.0000
30 S Professor St - Baldwin Cottage,41-00410-1,Wastewater,08/01/2023,09/01/2023,31,,300,cf,$20.91,$20.91,$0.0697,9.68,$0.67,0.0,$0.00,$0.0000
30 S Professor St - Baldwin Cottage,41-00410-1,Wastewater,09/01/2023,10/01/2023,30,,"1,200",cf,$83.64,$83.64,$0.0697,40.00,$2.79,0.0,$0.00,$0.0000
30 S Professor St - Baldwin Cottage,41-00411-1,Water,10/01/2022,11/01/2022,31,,0,cf,$20.31,$20.31,$0.0000,0.00,$0.66,0.0,$0.00,$0.0000
30 S Professor St - Baldwin Cottage,41-00411-1,Water,11/01/2022,12/01/2022,30,,0,cf,$20.31,$20.31,$0.0000,0.00,$0.68,0.0,$0.00,$0.0000
30 S Professor St - Baldwin Cottage,41-00411-1,Water,12/01/2022,01/01/2023,31,,0,cf,$20.31,$20.31,$0.0000,0.00,$0.66,0.0,$0.00,$0.0000
30 S Professor St - Baldwin Cottage,41-00411-1,Water,01/01/2023,02/01/2023,31,,0,cf,$20.91,$20.91,$0.0000,0.00,$0.67,0.0,$0.00,$0.0000
30 S Professor St - Baldwin Cottage,41-00411-1,Water,02/01/2023,03/01/2023,28,,0,cf,$20.91,$20.91,$0.0000,0.00,$0.75,0.0,$0.00,$0.0000
30 S Professor St - Baldwin Cottage,41-00411-1,Water,03/01/2023,04/01/2023,31,,0,cf,$20.91,$20.91,$0.0000,0.00,$0.67,0.0,$0.00,$0.0000
30 S Professor St - Baldwin Cottage,41-00411-1,Water,04/01/2023,05/01/2023,30,,0,cf,$20.91,$20.91,$0.0000,0.00,$0.70,0.0,$0.00,$0.0000
30 S Professor St - Baldwin Cottage,41-00411-1,Water,05/01/2023,06/01/2023,31,,0,cf,$20.91,$20.91,$0.0000,0.00,$0.67,0.0,$0.00,$0.0000
30 S Professor St - Baldwin Cottage,41-00411-1,Water,06/01/2023,07/01/2023,30,,0,cf,$20.91,$20.91,$0.0000,0.00,$0.70,0.0,$0.00,$0.0000
30 S Professor St - Baldwin Cottage,41-00411-1,Water,07/01/2023,08/01/2023,31,,0,cf,$20.91,$20.91,$0.0000,0.00,$0.67,0.0,$0.00,$0.0000
30 S Professor St - Baldwin Cottage,41-00411-1,Water,08/01/2023,09/01/2023,31,,600,cf,$41.82,$41.82,$0.0697,19.35,$1.35,0.0,$0.00,$0.0000
30 S Professor St - Baldwin Cottage,41-00411-1,Water,09/01/2023,10/01/2023,30,,"2,600",cf,$181.22,$181.22,$0.0697,86.67,$6.04,0.0,$0.00,$0.0000
30 S Professor St - Baldwin Cottage,41-00411-1,Wastewater,10/01/2022,11/01/2022,31,,0,cf,$26.64,$26.64,$0.0000,0.00,$0.86,0.0,$0.00,$0.0000
30 S Professor St - Baldwin Cottage,41-00411-1,Wastewater,11/01/2022,12/01/2022,30,,0,cf,$26.64,$26.64,$0.0000,0.00,$0.89,0.0,$0.00,$0.0000
30 S Professor St - Baldwin Cottage,41-00411-1,Wastewater,12/01/2022,01/01/2023,31,,0,cf,$26.64,$26.64,$0.0000,0.00,$0.86,0.0,$0.00,$0.0000
30 S Professor St - Baldwin Cottage,41-00411-1,Wastewater,01/01/2023,02/01/2023,31,,0,cf,$27.72,$27.72,$0.0000,0.00,$0.89,0.0,$0.00,$0.0000
30 S Professor St - Baldwin Cottage,41-00411-1,Wastewater,02/01/2023,03/01/2023,28,,0,cf,$27.72,$27.72,$0.0000,0.00,$0.99,0.0,$0.00,$0.0000
30 S Professor St - Baldwin Cottage,41-00411-1,Wastewater,03/01/2023,04/01/2023,31,,0,cf,$27.72,$27.72,$0.0000,0.00,$0.89,0.0,$0.00,$0.0000
30 S Professor St - Baldwin Cottage,41-00411-1,Wastewater,04/01/2023,05/01/2023,30,,0,cf,$27.72,$27.72,$0.0000,0.00,$0.92,0.0,$0.00,$0.0000
30 S Professor St - Baldwin Cottage,41-00411-1,Wastewater,05/01/2023,06/01/2023,31,,0,cf,$27.72,$27.72,$0.0000,0.00,$0.89,0.0,$0.00,$0.0000
30 S Professor St - Baldwin Cottage,41-00411-1,Wastewater,06/01/2023,07/01/2023,30,,0,cf,$27.72,$27.72,$0.0000,0.00,$0.92,0.0,$0.00,$0.0000
30 S Professor St - Baldwin Cottage,41-00411-1,Wastewater,07/01/2023,08/01/2023,31,,0,cf,$27.72,$27.72,$0.0000,0.00,$0.89,0.0,$0.00,$0.0000
30 S Professor St - Baldwin Cottage,41-00411-1,Wastewater,08/01/2023,09/01/2023,31,,600,cf,$55.44,$55.44,$0.0924,19.35,$1.79,0.0,$0.00,$0.0000
30 S Professor St - Baldwin Cottage,41-00411-1,Wastewater,09/01/2023,10/01/2023,30,,"2,600",cf,$240.24,$240.24,$0.0924,86.67,$8.01,0.0,$0.00,$0.0000
40 W Lorain St - Asia House Quadrangle,200421164 - Asia,Natural Gas,10/10/2022,11/11/2022,32,,0,Mcf,$0.00,$25.52,$0.0000,0.00,$0.80,0.0,$0.00,$0.0000
40 W Lorain St - Asia House Quadrangle,200421164 - Asia,Natural Gas,10/10/2022,11/11/2022,32,,20,Mcf,$52.89,$52.89,$2.7123,0.61,$1.65,0.0,$0.00,$0.0000
40 W Lorain St - Asia House Quadrangle,200421164 - Asia,Natural Gas,11/11/2022,12/20/2022,39,,27,Mcf,$220.27,$220.27,$8.1581,0.69,$5.65,0.0,$0.00,$0.0000
40 W Lorain St - Asia House Quadrangle,200421164 - Asia,Natural Gas,11/11/2022,12/20/2022,39,,0,Mcf,$0.00,$35.27,$0.0000,0.00,$0.90,0.0,$0.00,$0.0000
40 W Lorain St - Asia House Quadrangle,200421164 - Asia,Natural Gas,12/20/2022,01/11/2023,22,,0,Mcf,$0.00,$11.00,$0.0000,0.00,$0.50,0.0,$0.00,$0.0000
40 W Lorain St - Asia House Quadrangle,200421164 - Asia,Natural Gas,12/20/2022,01/11/2023,22,,9,Mcf,$69.43,$69.43,$8.1682,0.39,$3.16,0.0,$0.00,$0.0000
40 W Lorain St - Asia House Quadrangle,200421164 - Asia,Natural Gas,01/11/2023,02/15/2023,35,,22,Mcf,$208.03,$208.03,$9.4559,0.63,$5.94,0.0,$0.00,$0.0000
40 W Lorain St - Asia House Quadrangle,200421164 - Asia,Natural Gas,01/11/2023,02/15/2023,35,,0,Mcf,$0.00,$28.47,$0.0000,0.00,$0.81,0.0,$0.00,$0.0000
40 W Lorain St - Asia House Quadrangle,200421164 - Asia,Natural Gas,02/15/2023,03/13/2023,26,,0,Mcf,$0.00,$31.70,$0.0000,0.00,$1.22,0.0,$0.00,$0.0000
40 W Lorain St - Asia House Quadrangle,200421164 - Asia,Natural Gas,02/15/2023,03/13/2023,26,,22,Mcf,$203.61,$203.61,$9.2550,0.85,$7.83,0.0,$0.00,$0.0000
40 W Lorain St - Asia House Quadrangle,200421164 - Asia,Natural Gas,03/13/2023,04/15/2023,33,,0,Mcf,$0.00,$26.03,$0.0000,0.00,$0.79,0.0,$0.00,$0.0000
40 W Lorain St - Asia House Quadrangle,200421164 - Asia,Natural Gas,04/15/2023,05/11/2023,26,,0,Mcf,$0.00,$31.61,$0.0000,0.00,$1.22,0.0,$0.00,$0.0000
40 W Lorain St - Asia House Quadrangle,200421164 - Asia,Natural Gas,03/13/2023,05/11/2023,59,,21,Mcf,$175.16,$175.16,$8.3410,0.36,$2.97,0.0,$0.00,$0.0000
40 W Lorain St - Asia House Quadrangle,200421164 - Asia,Natural Gas,05/11/2023,06/12/2023,32,,10,Mcf,$46.30,$46.30,$4.8737,0.30,$1.45,0.0,$0.00,$0.0000
40 W Lorain St - Asia House Quadrangle,200421164 - Asia,Natural Gas,05/11/2023,06/12/2023,32,,0,Mcf,$0.00,$12.86,$0.0000,0.00,$0.40,0.0,$0.00,$0.0000
40 W Lorain St - Asia House Quadrangle,200421164 - Asia,Natural Gas,06/12/2023,07/11/2023,29,,0,Mcf,$0.00,$11.43,$0.0000,0.00,$0.39,0.0,$0.00,$0.0000
40 W Lorain St - Asia House Quadrangle,200421164 - Asia,Natural Gas,06/12/2023,07/11/2023,29,,7,Mcf,$61.62,$61.62,$9.4800,0.22,$2.12,0.0,$0.00,$0.0000
40 W Lorain St - Asia House Quadrangle,200421164 - Asia,Natural Gas,07/11/2023,08/10/2023,30,,7,Mcf,$29.62,$29.62,$4.2314,0.23,$0.99,0.0,$0.00,$0.0000
40 W Lorain St - Asia House Quadrangle,200421164 - Asia,Natural Gas,07/11/2023,08/10/2023,30,,0,Mcf,$0.00,$9.68,$0.0000,0.00,$0.32,0.0,$0.00,$0.0000
40 W Lorain St - Asia House Quadrangle,200421164 - Asia,Natural Gas,08/10/2023,09/14/2023,35,,0,Mcf,$0.00,$17.82,$0.0000,0.00,$0.51,0.0,$0.00,$0.0000
40 W Lorain St - Asia House Quadrangle,200421164 - Asia,Natural Gas,08/10/2023,09/14/2023,35,,14,Mcf,$54.63,$54.63,$4.0467,0.39,$1.56,0.0,$0.00,$0.0000
40 W Lorain St - Asia House Quadrangle,41-00130-1,Electricity,10/01/2022,11/01/2022,31,,"23,160",kWh,"$3,254.78","$3,254.78",$0.1405,747.10,$104.99,0.0,$0.00,$0.0000
40 W Lorain St - Asia House Quadrangle,41-00130-1,Electricity,11/01/2022,12/01/2022,30,,"23,200",kWh,"$3,025.77","$3,025.77",$0.1304,773.33,$100.86,0.0,$0.00,$0.0000
40 W Lorain St - Asia House Quadrangle,41-00130-1,Electricity,12/01/2022,01/01/2023,31,,"21,760",kWh,"$3,052.07","$3,052.07",$0.1403,701.94,$98.45,0.0,$0.00,$0.0000
40 W Lorain St - Asia House Quadrangle,41-00130-1,Electricity,01/01/2023,02/01/2023,31,,"21,440",kWh,"$2,976.48","$2,976.48",$0.1388,691.61,$96.02,0.0,$0.00,$0.0000
40 W Lorain St - Asia House Quadrangle,41-00130-1,Electricity,02/01/2023,03/01/2023,28,,"19,880",kWh,"$2,680.04","$2,680.04",$0.1348,710.00,$95.72,0.0,$0.00,$0.0000
40 W Lorain St - Asia House Quadrangle,41-00130-1,Electricity,03/01/2023,04/01/2023,31,,"20,720",kWh,"$2,585.15","$2,585.15",$0.1248,668.39,$83.39,0.0,$0.00,$0.0000
40 W Lorain St - Asia House Quadrangle,41-00130-1,Electricity,04/01/2023,05/01/2023,30,,"21,760",kWh,"$2,723.23","$2,723.23",$0.1251,725.33,$90.77,0.0,$0.00,$0.0000
40 W Lorain St - Asia House Quadrangle,41-00130-1,Electricity,05/01/2023,06/01/2023,31,,"20,040",kWh,"$2,720.92","$2,720.92",$0.1358,646.45,$87.77,0.0,$0.00,$0.0000
40 W Lorain St - Asia House Quadrangle,41-00130-1,Electricity,06/01/2023,07/01/2023,30,,"15,240",kWh,"$2,008.40","$2,008.40",$0.1318,508.00,$66.95,0.0,$0.00,$0.0000
40 W Lorain St - Asia House Quadrangle,41-00130-1,Electricity,07/01/2023,08/01/2023,31,,"17,400",kWh,"$2,124.85","$2,124.85",$0.1221,561.29,$68.54,0.0,$0.00,$0.0000
40 W Lorain St - Asia House Quadrangle,41-00130-1,Electricity,08/01/2023,09/01/2023,31,,"19,440",kWh,"$2,581.09","$2,581.09",$0.1328,627.10,$83.26,0.0,$0.00,$0.0000
40 W Lorain St - Asia House Quadrangle,41-00130-1,Electricity,09/01/2023,10/01/2023,30,,"21,960",kWh,"$2,632.99","$2,632.99",$0.1199,732.00,$87.77,0.0,$0.00,$0.0000
40 W Lorain St - Asia House Quadrangle,41-00130-1,Water,10/01/2022,11/01/2022,31,,"1,500",cf,$133.20,$133.20,$0.0888,48.39,$4.30,0.0,$0.00,$0.0000
40 W Lorain St - Asia House Quadrangle,41-00130-1,Water,11/01/2022,12/01/2022,30,,"1,500",cf,$133.20,$133.20,$0.0888,50.00,$4.44,0.0,$0.00,$0.0000
40 W Lorain St - Asia House Quadrangle,41-00130-1,Water,12/01/2022,01/01/2023,31,,"1,300",cf,$115.44,$115.44,$0.0888,41.94,$3.72,0.0,$0.00,$0.0000
40 W Lorain St - Asia House Quadrangle,41-00130-1,Water,01/01/2023,02/01/2023,31,,"1,100",cf,$101.64,$101.64,$0.0924,35.48,$3.28,0.0,$0.00,$0.0000
40 W Lorain St - Asia House Quadrangle,41-00130-1,Water,02/01/2023,03/01/2023,28,,"1,700",cf,$157.08,$157.08,$0.0924,60.71,$5.61,0.0,$0.00,$0.0000
40 W Lorain St - Asia House Quadrangle,41-00130-1,Water,03/01/2023,04/01/2023,31,,"1,300",cf,$120.12,$120.12,$0.0924,41.94,$3.87,0.0,$0.00,$0.0000
40 W Lorain St - Asia House Quadrangle,41-00130-1,Water,04/01/2023,05/01/2023,30,,"1,300",cf,$120.12,$120.12,$0.0924,43.33,$4.00,0.0,$0.00,$0.0000
40 W Lorain St - Asia House Quadrangle,41-00130-1,Water,05/01/2023,06/01/2023,31,,"3,400",cf,$73.92,$73.92,$0.0217,109.68,$2.38,0.0,$0.00,$0.0000
40 W Lorain St - Asia House Quadrangle,41-00130-1,Water,06/01/2023,07/01/2023,30,,"3,500",cf,$323.40,$323.40,$0.0924,116.67,$10.78,0.0,$0.00,$0.0000
40 W Lorain St - Asia House Quadrangle,41-00130-1,Water,07/01/2023,08/01/2023,31,,100,cf,$27.72,$27.72,$0.2772,3.23,$0.89,0.0,$0.00,$0.0000
40 W Lorain St - Asia House Quadrangle,41-00130-1,Water,08/01/2023,09/01/2023,31,,"4,000",cf,$369.60,$369.60,$0.0924,129.03,$11.92,0.0,$0.00,$0.0000
40 W Lorain St - Asia House Quadrangle,41-00130-1,Water,09/01/2023,10/01/2023,30,,"1,500",cf,$138.60,$138.60,$0.0924,50.00,$4.62,0.0,$0.00,$0.0000
40 W Lorain St - Asia House Quadrangle,41-00130-1,Wastewater,10/01/2022,11/01/2022,31,,"1,500",cf,$101.55,$101.55,$0.0677,48.39,$3.28,0.0,$0.00,$0.0000
40 W Lorain St - Asia House Quadrangle,41-00130-1,Wastewater,11/01/2022,12/01/2022,30,,"1,500",cf,$101.55,$101.55,$0.0677,50.00,$3.39,0.0,$0.00,$0.0000
40 W Lorain St - Asia House Quadrangle,41-00130-1,Wastewater,12/01/2022,01/01/2023,31,,"1,300",cf,$88.01,$88.01,$0.0677,41.94,$2.84,0.0,$0.00,$0.0000
40 W Lorain St - Asia House Quadrangle,41-00130-1,Wastewater,01/01/2023,02/01/2023,31,,"1,100",cf,$76.67,$76.67,$0.0697,35.48,$2.47,0.0,$0.00,$0.0000
40 W Lorain St - Asia House Quadrangle,41-00130-1,Wastewater,02/01/2023,03/01/2023,28,,"1,700",cf,$118.49,$118.49,$0.0697,60.71,$4.23,0.0,$0.00,$0.0000
40 W Lorain St - Asia House Quadrangle,41-00130-1,Wastewater,03/01/2023,04/01/2023,31,,"1,300",cf,$90.61,$90.61,$0.0697,41.94,$2.92,0.0,$0.00,$0.0000
40 W Lorain St - Asia House Quadrangle,41-00130-1,Wastewater,04/01/2023,05/01/2023,30,,"1,300",cf,$90.61,$90.61,$0.0697,43.33,$3.02,0.0,$0.00,$0.0000
40 W Lorain St - Asia House Quadrangle,41-00130-1,Wastewater,05/01/2023,06/01/2023,31,,"3,400",cf,$55.76,$55.76,$0.0164,109.68,$1.80,0.0,$0.00,$0.0000
40 W Lorain St - Asia House Quadrangle,41-00130-1,Wastewater,06/01/2023,07/01/2023,30,,"3,500",cf,$243.95,$243.95,$0.0697,116.67,$8.13,0.0,$0.00,$0.0000
40 W Lorain St - Asia House Quadrangle,41-00130-1,Wastewater,07/01/2023,08/01/2023,31,,100,cf,$20.91,$20.91,$0.2091,3.23,$0.67,0.0,$0.00,$0.0000
40 W Lorain St - Asia House Quadrangle,41-00130-1,Wastewater,08/01/2023,09/01/2023,31,,"4,000",cf,$278.80,$278.80,$0.0697,129.03,$8.99,0.0,$0.00,$0.0000
40 W Lorain St - Asia House Quadrangle,41-00130-1,Wastewater,09/01/2023,10/01/2023,30,,"1,500",cf,$104.55,$104.55,$0.0697,50.00,$3.49,0.0,$0.00,$0.0000
40 W Lorain St - Asia House Quadrangle,41-00131-1,Water,10/01/2022,11/01/2022,31,,0,cf,$26.64,$26.64,$0.0000,0.00,$0.86,0.0,$0.00,$0.0000
40 W Lorain St - Asia House Quadrangle,41-00131-1,Water,11/01/2022,12/01/2022,30,,0,cf,$26.64,$26.64,$0.0000,0.00,$0.89,0.0,$0.00,$0.0000
40 W Lorain St - Asia House Quadrangle,41-00131-1,Water,12/01/2022,01/01/2023,31,,0,cf,$26.64,$26.64,$0.0000,0.00,$0.86,0.0,$0.00,$0.0000
40 W Lorain St - Asia House Quadrangle,41-00131-1,Water,01/01/2023,02/01/2023,31,,0,cf,$27.72,$27.72,$0.0000,0.00,$0.89,0.0,$0.00,$0.0000
40 W Lorain St - Asia House Quadrangle,41-00131-1,Water,02/01/2023,03/01/2023,28,,0,cf,$27.72,$27.72,$0.0000,0.00,$0.99,0.0,$0.00,$0.0000
40 W Lorain St - Asia House Quadrangle,41-00131-1,Water,03/01/2023,04/01/2023,31,,0,cf,$27.72,$27.72,$0.0000,0.00,$0.89,0.0,$0.00,$0.0000
40 W Lorain St - Asia House Quadrangle,41-00131-1,Water,04/01/2023,05/01/2023,30,,0,cf,$27.72,$27.72,$0.0000,0.00,$0.92,0.0,$0.00,$0.0000
40 W Lorain St - Asia House Quadrangle,41-00131-1,Water,05/01/2023,06/01/2023,31,,0,cf,$27.72,$27.72,$0.0000,0.00,$0.89,0.0,$0.00,$0.0000
40 W Lorain St - Asia House Quadrangle,41-00131-1,Water,06/01/2023,07/01/2023,30,,0,cf,$27.72,$27.72,$0.0000,0.00,$0.92,0.0,$0.00,$0.0000
40 W Lorain St - Asia House Quadrangle,41-00131-1,Water,07/01/2023,08/01/2023,31,,0,cf,$27.72,$27.72,$0.0000,0.00,$0.89,0.0,$0.00,$0.0000
40 W Lorain St - Asia House Quadrangle,41-00131-1,Water,08/01/2023,09/01/2023,31,,0,cf,$27.72,$27.72,$0.0000,0.00,$0.89,0.0,$0.00,$0.0000
40 W Lorain St - Asia House Quadrangle,41-00131-1,Water,09/01/2023,10/01/2023,30,,0,cf,$27.72,$27.72,$0.0000,0.00,$0.92,0.0,$0.00,$0.0000
40 W Lorain St - Asia House Quadrangle,41-00131-1,Wastewater,10/01/2022,11/01/2022,31,,0,cf,$20.31,$20.31,$0.0000,0.00,$0.66,0.0,$0.00,$0.0000
40 W Lorain St - Asia House Quadrangle,41-00131-1,Wastewater,11/01/2022,12/01/2022,30,,0,cf,$20.31,$20.31,$0.0000,0.00,$0.68,0.0,$0.00,$0.0000
40 W Lorain St - Asia House Quadrangle,41-00131-1,Wastewater,12/01/2022,01/01/2023,31,,0,cf,$20.31,$20.31,$0.0000,0.00,$0.66,0.0,$0.00,$0.0000
40 W Lorain St - Asia House Quadrangle,41-00131-1,Wastewater,01/01/2023,02/01/2023,31,,0,cf,$20.91,$20.91,$0.0000,0.00,$0.67,0.0,$0.00,$0.0000
40 W Lorain St - Asia House Quadrangle,41-00131-1,Wastewater,02/01/2023,03/01/2023,28,,0,cf,$20.91,$20.91,$0.0000,0.00,$0.75,0.0,$0.00,$0.0000
40 W Lorain St - Asia House Quadrangle,41-00131-1,Wastewater,03/01/2023,04/01/2023,31,,0,cf,$20.91,$20.91,$0.0000,0.00,$0.67,0.0,$0.00,$0.0000
40 W Lorain St - Asia House Quadrangle,41-00131-1,Wastewater,04/01/2023,05/01/2023,30,,0,cf,$20.91,$20.91,$0.0000,0.00,$0.70,0.0,$0.00,$0.0000
40 W Lorain St - Asia House Quadrangle,41-00131-1,Wastewater,05/01/2023,06/01/2023,31,,0,cf,$20.91,$20.91,$0.0000,0.00,$0.67,0.0,$0.00,$0.0000
40 W Lorain St - Asia House Quadrangle,41-00131-1,Wastewater,06/01/2023,07/01/2023,30,,0,cf,$20.91,$20.91,$0.0000,0.00,$0.70,0.0,$0.00,$0.0000
40 W Lorain St - Asia House Quadrangle,41-00131-1,Wastewater,07/01/2023,08/01/2023,31,,0,cf,$20.91,$20.91,$0.0000,0.00,$0.67,0.0,$0.00,$0.0000
40 W Lorain St - Asia House Quadrangle,41-00131-1,Wastewater,08/01/2023,09/01/2023,31,,0,cf,$20.91,$20.91,$0.0000,0.00,$0.67,0.0,$0.00,$0.0000
40 W Lorain St - Asia House Quadrangle,41-00131-1,Wastewater,09/01/2023,10/01/2023,30,,0,cf,$20.91,$20.91,$0.0000,0.00,$0.70,0.0,$0.00,$0.0000
Grand Total,,,,,,,,,"$133,451.68","$135,176.04",,,$9.07,,$0.00,
