104 S Professor St - Kade Dorm,41-00470-1,Electricity,10/01/2022,11/01/2022,"21,760",kWh
104 S Professor St - Kade Dorm,41-00470-1,Electricity,11/01/2022,12/01/2022,"27,360",kWh
104 S Professor St - Kade Dorm,41-00470-1,Electricity,12/01/2022,01/01/2023,"25,440",kWh
104 S Professor St - Kade Dorm,41-00470-1,Electricity,01/01/2023,02/01/2023,"25,280",kWh
104 S Professor St - Kade Dorm,41-00470-1,Electricity,02/01/2023,03/01/2023,"28,320",kWh
104 S Professor St - Kade Dorm,41-00470-1,Electricity,03/01/2023,04/01/2023,"30,080",kWh
104 S Professor St - Kade Dorm,41-00470-1,Electricity,04/01/2023,05/01/2023,"24,960",kWh
104 S Professor St - Kade Dorm,41-00470-1,Electricity,05/01/2023,06/01/2023,"21,120",kWh
104 S Professor St - Kade Dorm,41-00470-1,Electricity,06/01/2023,07/01/2023,"16,960",kWh
104 S Professor St - Kade Dorm,41-00470-1,Electricity,07/01/2023,08/01/2023,"15,200",kWh
104 S Professor St - Kade Dorm,41-00470-1,Electricity,08/01/2023,09/01/2023,"16,000",kWh
104 S Professor St - Kade Dorm,41-00470-1,Electricity,09/01/2023,10/01/2023,"23,200",kWh
104 S Professor St - Kade Dorm,41-00470-1,Low Flow,10/01/2022,11/01/2022,"2,400",cf
104 S Professor St - Kade Dorm,41-00470-1,Low Flow,11/01/2022,12/01/2022,"2,600",cf
104 S Professor St - Kade Dorm,41-00470-1,Low Flow,12/01/2022,01/01/2023,"1,800",cf
104 S Professor St - Kade Dorm,41-00470-1,Low Flow,01/01/2023,02/01/2023,"1,300",cf
104 S Professor St - Kade Dorm,41-00470-1,Low Flow,02/01/2023,03/01/2023,"2,600",cf
104 S Professor St - Kade Dorm,41-00470-1,Low Flow,03/01/2023,04/01/2023,"2,400",cf
104 S Professor St - Kade Dorm,41-00470-1,Low Flow,04/01/2023,05/01/2023,"2,900",cf
104 S Professor St - Kade Dorm,41-00470-1,Low Flow,05/01/2023,06/01/2023,"1,900",cf
104 S Professor St - Kade Dorm,41-00470-1,Low Flow,06/01/2023,07/01/2023,600,cf
104 S Professor St - Kade Dorm,41-00470-1,Low Flow,07/01/2023,08/01/2023,200,cf
104 S Professor St - Kade Dorm,41-00470-1,Low Flow,08/01/2023,09/01/2023,"3,300",cf
104 S Professor St - Kade Dorm,41-00470-1,Low Flow,09/01/2023,10/01/2023,"3,000",cf
104 S Professor St - Kade Dorm,41-00471-1,Water,10/01/2022,11/01/2022,"8,800",cf
104 S Professor St - Kade Dorm,41-00471-1,Water,11/01/2022,12/01/2022,"9,300",cf
104 S Professor St - Kade Dorm,41-00471-1,Water,12/01/2022,01/01/2023,"6,700",cf
104 S Professor St - Kade Dorm,41-00471-1,Water,01/01/2023,02/01/2023,"5,100",cf
104 S Professor St - Kade Dorm,41-00471-1,Water,02/01/2023,03/01/2023,"8,900",cf
104 S Professor St - Kade Dorm,41-00471-1,Water,03/01/2023,04/01/2023,"8,500",cf
104 S Professor St - Kade Dorm,41-00471-1,Water,04/01/2023,05/01/2023,"10,200",cf
104 S Professor St - Kade Dorm,41-00471-1,Water,05/01/2023,06/01/2023,"6,100",cf
104 S Professor St - Kade Dorm,41-00471-1,Water,06/01/2023,07/01/2023,"1,800",cf
104 S Professor St - Kade Dorm,41-00471-1,Water,07/01/2023,08/01/2023,300,cf
104 S Professor St - Kade Dorm,41-00471-1,Water,08/01/2023,09/01/2023,"3,200",cf
104 S Professor St - Kade Dorm,41-00471-1,Water,09/01/2023,10/01/2023,"9,500",cf





110 E College St - Tank Hall,41-00602-1,Low Flow,10/01/2022,11/01/2022,"5,800",cf
110 E College St - Tank Hall,41-00602-1,Low Flow,11/01/2022,12/01/2022,"6,400",cf
110 E College St - Tank Hall,41-00602-1,Low Flow,12/01/2022,01/01/2023,"5,900",cf
110 E College St - Tank Hall,41-00602-1,Low Flow,01/01/2023,02/01/2023,"2,600",cf
110 E College St - Tank Hall,41-00602-1,Low Flow,02/01/2023,03/01/2023,"8,700",cf
110 E College St - Tank Hall,41-00602-1,Low Flow,03/01/2023,04/01/2023,"6,200",cf
110 E College St - Tank Hall,41-00602-1,Low Flow,04/01/2023,05/01/2023,"6,100",cf
110 E College St - Tank Hall,41-00602-1,Low Flow,05/01/2023,06/01/2023,"3,500",cf
110 E College St - Tank Hall,41-00602-1,Low Flow,06/01/2023,07/01/2023,"1,300",cf
110 E College St - Tank Hall,41-00602-1,Low Flow,07/01/2023,08/01/2023,0,cf
110 E College St - Tank Hall,41-00602-1,Low Flow,08/01/2023,09/01/2023,"1,400",cf
110 E College St - Tank Hall,41-00602-1,Low Flow,09/01/2023,10/01/2023,"5,600",cf
110 E College St - Tank Hall,41-00610-1,Electricity,10/01/2022,11/01/2022,"6,760",kWh
110 E College St - Tank Hall,41-00610-1,Electricity,11/01/2022,12/01/2022,"8,640",kWh
110 E College St - Tank Hall,41-00610-1,Electricity,12/01/2022,01/01/2023,"10,160",kWh
110 E College St - Tank Hall,41-00610-1,Electricity,01/01/2023,02/01/2023,"8,280",kWh
110 E College St - Tank Hall,41-00610-1,Electricity,02/01/2023,03/01/2023,"9,000",kWh
110 E College St - Tank Hall,41-00610-1,Electricity,03/01/2023,04/01/2023,"9,120",kWh
110 E College St - Tank Hall,41-00610-1,Electricity,04/01/2023,05/01/2023,"6,960",kWh
110 E College St - Tank Hall,41-00610-1,Electricity,05/01/2023,06/01/2023,"5,320",kWh
110 E College St - Tank Hall,41-00610-1,Electricity,06/01/2023,07/01/2023,"4,040",kWh
110 E College St - Tank Hall,41-00610-1,Electricity,07/01/2023,08/01/2023,"2,760",kWh
110 E College St - Tank Hall,41-00610-1,Electricity,08/01/2023,09/01/2023,"3,520",kWh
110 E College St - Tank Hall,41-00610-1,Electricity,09/01/2023,10/01/2023,"7,200",kWh
110 E College St - Tank Hall,41-00612-1,High Flow,10/01/2022,11/01/2022,300,cf
110 E College St - Tank Hall,41-00612-1,High Flow,11/01/2022,12/01/2022,200,cf
110 E College St - Tank Hall,41-00612-1,High Flow,12/01/2022,01/01/2023,200,cf
110 E College St - Tank Hall,41-00612-1,High Flow,01/01/2023,02/01/2023,0,cf
110 E College St - Tank Hall,41-00612-1,High Flow,02/01/2023,03/01/2023,300,cf
110 E College St - Tank Hall,41-00612-1,High Flow,03/01/2023,04/01/2023,200,cf
110 E College St - Tank Hall,41-00612-1,High Flow,04/01/2023,05/01/2023,300,cf
110 E College St - Tank Hall,41-00612-1,High Flow,05/01/2023,06/01/2023,200,cf
110 E College St - Tank Hall,41-00612-1,High Flow,06/01/2023,07/01/2023,100,cf
110 E College St - Tank Hall,41-00612-1,High Flow,07/01/2023,08/01/2023,100,cf
110 E College St - Tank Hall,41-00612-1,High Flow,08/01/2023,09/01/2023,0,cf
110 E College St - Tank Hall,41-00612-1,High Flow,09/01/2023,10/01/2023,300,cf





110 N Professor St - Wright Physics,41-00107-1,Electricity,10/01/2022,11/01/2022,"69,600",kWh
110 N Professor St - Wright Physics,41-00107-1,Electricity,11/01/2022,12/01/2022,"70,560",kWh
110 N Professor St - Wright Physics,41-00107-1,Electricity,12/01/2022,01/01/2023,"71,040",kWh
110 N Professor St - Wright Physics,41-00107-1,Electricity,01/01/2023,02/01/2023,"75,840",kWh
110 N Professor St - Wright Physics,41-00107-1,Electricity,02/01/2023,03/01/2023,"88,800",kWh
110 N Professor St - Wright Physics,41-00107-1,Electricity,03/01/2023,04/01/2023,"114,720",kWh
110 N Professor St - Wright Physics,41-00107-1,Electricity,04/01/2023,05/01/2023,"71,520",kWh
110 N Professor St - Wright Physics,41-00107-1,Electricity,05/01/2023,06/01/2023,"61,920",kWh
110 N Professor St - Wright Physics,41-00107-1,Electricity,06/01/2023,07/01/2023,"62,400",kWh
110 N Professor St - Wright Physics,41-00107-1,Electricity,07/01/2023,08/01/2023,"68,160",kWh
110 N Professor St - Wright Physics,41-00107-1,Electricity,08/01/2023,09/01/2023,"71,040",kWh
110 N Professor St - Wright Physics,41-00107-1,Electricity,09/01/2023,10/01/2023,"68,640",kWh
110 N Professor St - Wright Physics,41-00110-1,Water,10/01/2022,11/01/2022,800,cf
110 N Professor St - Wright Physics,41-00110-1,Water,11/01/2022,12/01/2022,"7,700",cf
110 N Professor St - Wright Physics,41-00110-1,Water,12/01/2022,01/01/2023,400,cf
110 N Professor St - Wright Physics,41-00110-1,Water,01/01/2023,02/01/2023,500,cf
110 N Professor St - Wright Physics,41-00110-1,Water,02/01/2023,03/01/2023,"2,100",cf
110 N Professor St - Wright Physics,41-00110-1,Water,03/01/2023,04/01/2023,"1,800",cf
110 N Professor St - Wright Physics,41-00110-1,Water,04/01/2023,05/01/2023,"3,300",cf
110 N Professor St - Wright Physics,41-00110-1,Water,05/01/2023,06/01/2023,"8,100",cf
110 N Professor St - Wright Physics,41-00110-1,Water,06/01/2023,07/01/2023,900,cf
110 N Professor St - Wright Physics,41-00110-1,Water,07/01/2023,08/01/2023,"3,100",cf
110 N Professor St - Wright Physics,41-00110-1,Water,08/01/2023,09/01/2023,400,cf
110 N Professor St - Wright Physics,41-00110-1,Water,09/01/2023,10/01/2023,400,cf





113 W College St - Harkness House,41-00390-1,Electricity,10/01/2022,11/01/2022,"11,960",kWh
113 W College St - Harkness House,41-00390-1,Electricity,11/01/2022,12/01/2022,"14,440",kWh
113 W College St - Harkness House,41-00390-1,Electricity,12/01/2022,01/01/2023,"16,640",kWh
113 W College St - Harkness House,41-00390-1,Electricity,01/01/2023,02/01/2023,"17,200",kWh
113 W College St - Harkness House,41-00390-1,Electricity,02/01/2023,03/01/2023,"16,160",kWh
113 W College St - Harkness House,41-00390-1,Electricity,03/01/2023,04/01/2023,"17,800",kWh
113 W College St - Harkness House,41-00390-1,Electricity,04/01/2023,05/01/2023,"12,160",kWh
113 W College St - Harkness House,41-00390-1,Electricity,05/01/2023,06/01/2023,"9,680",kWh
113 W College St - Harkness House,41-00390-1,Electricity,06/01/2023,07/01/2023,"4,880",kWh
113 W College St - Harkness House,41-00390-1,Electricity,07/01/2023,08/01/2023,"5,680",kWh
113 W College St - Harkness House,41-00390-1,Electricity,08/01/2023,09/01/2023,"8,120",kWh
113 W College St - Harkness House,41-00390-1,Electricity,09/01/2023,10/01/2023,"10,480",kWh
113 W College St - Harkness House,41-00390-1,Low Flow,10/01/2022,11/01/2022,200,cf
113 W College St - Harkness House,41-00390-1,Low Flow,11/01/2022,12/01/2022,200,cf
113 W College St - Harkness House,41-00390-1,Low Flow,12/01/2022,01/01/2023,200,cf
113 W College St - Harkness House,41-00390-1,Low Flow,01/01/2023,02/01/2023,200,cf
113 W College St - Harkness House,41-00390-1,Low Flow,02/01/2023,03/01/2023,300,cf
113 W College St - Harkness House,41-00390-1,Low Flow,03/01/2023,04/01/2023,200,cf
113 W College St - Harkness House,41-00390-1,Low Flow,04/01/2023,05/01/2023,400,cf
113 W College St - Harkness House,41-00390-1,Low Flow,05/01/2023,06/01/2023,100,cf
113 W College St - Harkness House,41-00390-1,Low Flow,06/01/2023,07/01/2023,100,cf
113 W College St - Harkness House,41-00390-1,Low Flow,07/01/2023,08/01/2023,300,cf
113 W College St - Harkness House,41-00390-1,Low Flow,08/01/2023,09/01/2023,300,cf
113 W College St - Harkness House,41-00390-1,Low Flow,09/01/2023,10/01/2023,400,cf
113 W College St - Harkness House,41-00391-1,Water,10/01/2022,11/01/2022,"8,400",cf
113 W College St - Harkness House,41-00391-1,Water,11/01/2022,12/01/2022,"7,800",cf
113 W College St - Harkness House,41-00391-1,Water,12/01/2022,01/01/2023,"5,500",cf
113 W College St - Harkness House,41-00391-1,Water,01/01/2023,02/01/2023,"5,500",cf
113 W College St - Harkness House,41-00391-1,Water,02/01/2023,03/01/2023,"7,300",cf
113 W College St - Harkness House,41-00391-1,Water,03/01/2023,04/01/2023,"7,500",cf
113 W College St - Harkness House,41-00391-1,Water,04/01/2023,05/01/2023,"8,500",cf
113 W College St - Harkness House,41-00391-1,Water,05/01/2023,06/01/2023,"5,500",cf
113 W College St - Harkness House,41-00391-1,Water,06/01/2023,07/01/2023,700,cf
113 W College St - Harkness House,41-00391-1,Water,07/01/2023,08/01/2023,"1,800",cf
113 W College St - Harkness House,41-00391-1,Water,08/01/2023,09/01/2023,"6,100",cf





120 W Lorain St - Severance Hall,41-00140-1,Water,10/01/2022,11/01/2022,0,cf
120 W Lorain St - Severance Hall,41-00140-1,Water,11/01/2022,12/01/2022,0,cf
120 W Lorain St - Severance Hall,41-00140-1,Water,12/01/2022,01/01/2023,0,cf
120 W Lorain St - Severance Hall,41-00140-1,Water,01/01/2023,02/01/2023,0,cf
120 W Lorain St - Severance Hall,41-00140-1,Water,02/01/2023,03/01/2023,0,cf
120 W Lorain St - Severance Hall,41-00140-1,Water,03/01/2023,04/01/2023,0,cf
120 W Lorain St - Severance Hall,41-00140-1,Water,04/01/2023,05/01/2023,0,cf
120 W Lorain St - Severance Hall,41-00140-1,Water,05/01/2023,06/01/2023,0,cf
120 W Lorain St - Severance Hall,41-00140-1,Water,06/01/2023,07/01/2023,0,cf
120 W Lorain St - Severance Hall,41-00140-1,Water,07/01/2023,08/01/2023,0,cf
120 W Lorain St - Severance Hall,41-00140-1,Water,08/01/2023,09/01/2023,0,cf
120 W Lorain St - Severance Hall,41-00140-1,Water,09/01/2023,10/01/2023,0,cf
120 W Lorain St - Severance Hall,41-00142-1,Water,10/01/2022,11/01/2022,0,cf
120 W Lorain St - Severance Hall,41-00142-1,Water,11/01/2022,12/01/2022,0,cf
120 W Lorain St - Severance Hall,41-00142-1,Water,12/01/2022,01/01/2023,0,cf
120 W Lorain St - Severance Hall,41-00142-1,Water,01/01/2023,02/01/2023,0,cf
120 W Lorain St - Severance Hall,41-00142-1,Water,02/01/2023,03/01/2023,0,cf
120 W Lorain St - Severance Hall,41-00142-1,Water,03/01/2023,04/01/2023,0,cf
120 W Lorain St - Severance Hall,41-00142-1,Water,04/01/2023,05/01/2023,0,cf
120 W Lorain St - Severance Hall,41-00142-1,Water,05/01/2023,06/01/2023,0,cf
120 W Lorain St - Severance Hall,41-00142-1,Water,06/01/2023,07/01/2023,0,cf
120 W Lorain St - Severance Hall,41-00142-1,Water,07/01/2023,08/01/2023,0,cf
120 W Lorain St - Severance Hall,41-00142-1,Water,08/01/2023,09/01/2023,0,cf
120 W Lorain St - Severance Hall,41-00142-1,Water,09/01/2023,10/01/2023,0,cf
120 W Lorain St - Severance Hall,41-00143-1,Water,10/01/2022,11/01/2022,500,cf
120 W Lorain St - Severance Hall,41-00143-1,Water,11/01/2022,12/01/2022,400,cf
120 W Lorain St - Severance Hall,41-00143-1,Water,12/01/2022,01/01/2023,200,cf
120 W Lorain St - Severance Hall,41-00143-1,Water,01/01/2023,02/01/2023,100,cf
120 W Lorain St - Severance Hall,41-00143-1,Water,02/01/2023,03/01/2023,"5,200",cf
120 W Lorain St - Severance Hall,41-00143-1,Water,03/01/2023,04/01/2023,900,cf
120 W Lorain St - Severance Hall,41-00143-1,Water,04/01/2023,05/01/2023,300,cf
120 W Lorain St - Severance Hall,41-00143-1,Water,05/01/2023,06/01/2023,600,cf
120 W Lorain St - Severance Hall,41-00143-1,Water,06/01/2023,07/01/2023,0,cf
120 W Lorain St - Severance Hall,41-00143-1,Water,07/01/2023,08/01/2023,500,cf
120 W Lorain St - Severance Hall,41-00143-1,Water,08/01/2023,09/01/2023,400,cf
120 W Lorain St - Severance Hall,41-00143-1,Water,09/01/2023,10/01/2023,500,cf





121 Elm St - South Hall,41-00440-1,Electricity,10/01/2022,11/01/2022,"40,720",kWh
121 Elm St - South Hall,41-00440-1,Electricity,11/01/2022,12/01/2022,"43,040",kWh
121 Elm St - South Hall,41-00440-1,Electricity,12/01/2022,01/01/2023,"44,800",kWh
121 Elm St - South Hall,41-00440-1,Electricity,01/01/2023,02/01/2023,"41,440",kWh
121 Elm St - South Hall,41-00440-1,Electricity,02/01/2023,03/01/2023,"45,440",kWh
121 Elm St - South Hall,41-00440-1,Electricity,03/01/2023,04/01/2023,"44,160",kWh
121 Elm St - South Hall,41-00440-1,Electricity,04/01/2023,05/01/2023,"44,000",kWh
121 Elm St - South Hall,41-00440-1,Electricity,05/01/2023,06/01/2023,"35,200",kWh
121 Elm St - South Hall,41-00440-1,Electricity,06/01/2023,07/01/2023,"27,440",kWh
121 Elm St - South Hall,41-00440-1,Electricity,07/01/2023,08/01/2023,"25,040",kWh
121 Elm St - South Hall,41-00440-1,Electricity,08/01/2023,09/01/2023,"30,000",kWh
121 Elm St - South Hall,41-00440-1,Electricity,09/01/2023,10/01/2023,"46,960",kWh
121 Elm St - South Hall,41-00440-1,Low Flow,10/01/2022,11/01/2022,"16,700",cf
121 Elm St - South Hall,41-00440-1,Low Flow,11/01/2022,12/01/2022,"17,400",cf
121 Elm St - South Hall,41-00440-1,Low Flow,12/01/2022,01/01/2023,"19,000",cf
121 Elm St - South Hall,41-00440-1,Low Flow,01/01/2023,02/01/2023,"13,800",cf
121 Elm St - South Hall,41-00440-1,Low Flow,02/01/2023,03/01/2023,"19,200",cf
121 Elm St - South Hall,41-00440-1,Low Flow,03/01/2023,04/01/2023,"14,900",cf
121 Elm St - South Hall,41-00440-1,Low Flow,04/01/2023,05/01/2023,"18,100",cf
121 Elm St - South Hall,41-00440-1,Low Flow,05/01/2023,06/01/2023,"11,100",cf
121 Elm St - South Hall,41-00440-1,Low Flow,06/01/2023,07/01/2023,"5,100",cf
121 Elm St - South Hall,41-00440-1,Low Flow,07/01/2023,08/01/2023,"2,900",cf
121 Elm St - South Hall,41-00440-1,Low Flow,08/01/2023,09/01/2023,"6,600",cf
121 Elm St - South Hall,41-00440-1,Low Flow,09/01/2023,10/01/2023,"22,600",cf
121 Elm St - South Hall,41-00441-1,Water,10/01/2022,11/01/2022,0,cf
121 Elm St - South Hall,41-00441-1,Water,11/01/2022,12/01/2022,0,cf
121 Elm St - South Hall,41-00441-1,Water,12/01/2022,01/01/2023,0,cf
121 Elm St - South Hall,41-00441-1,Water,01/01/2023,02/01/2023,0,cf
121 Elm St - South Hall,41-00441-1,Water,02/01/2023,03/01/2023,0,cf
121 Elm St - South Hall,41-00441-1,Water,03/01/2023,04/01/2023,0,cf
121 Elm St - South Hall,41-00441-1,Water,04/01/2023,05/01/2023,0,cf
121 Elm St - South Hall,41-00441-1,Water,05/01/2023,06/01/2023,0,cf
121 Elm St - South Hall,41-00441-1,Water,06/01/2023,07/01/2023,0,cf
121 Elm St - South Hall,41-00441-1,Water,07/01/2023,08/01/2023,0,cf
121 Elm St - South Hall,41-00441-1,Water,08/01/2023,09/01/2023,0,cf
121 Elm St - South Hall,41-00441-1,Water,09/01/2023,10/01/2023,0,cf





126 Forest St - Lord Saunders Dorm,41-00480-1,Electricity,10/01/2022,11/01/2022,"25,360",kWh
126 Forest St - Lord Saunders Dorm,41-00480-1,Electricity,11/01/2022,12/01/2022,"26,320",kWh
126 Forest St - Lord Saunders Dorm,41-00480-1,Electricity,12/01/2022,01/01/2023,"22,480",kWh
126 Forest St - Lord Saunders Dorm,41-00480-1,Electricity,01/01/2023,02/01/2023,"18,480",kWh
126 Forest St - Lord Saunders Dorm,41-00480-1,Electricity,02/01/2023,03/01/2023,"23,600",kWh
126 Forest St - Lord Saunders Dorm,41-00480-1,Electricity,03/01/2023,04/01/2023,"22,800",kWh
126 Forest St - Lord Saunders Dorm,41-00480-1,Electricity,04/01/2023,05/01/2023,"24,000",kWh
126 Forest St - Lord Saunders Dorm,41-00480-1,Electricity,05/01/2023,06/01/2023,"19,280",kWh
126 Forest St - Lord Saunders Dorm,41-00480-1,Electricity,06/01/2023,07/01/2023,"20,000",kWh
126 Forest St - Lord Saunders Dorm,41-00480-1,Electricity,07/01/2023,08/01/2023,"23,120",kWh
126 Forest St - Lord Saunders Dorm,41-00480-1,Electricity,08/01/2023,09/01/2023,"18,560",kWh
126 Forest St - Lord Saunders Dorm,41-00480-1,Electricity,09/01/2023,10/01/2023,"19,600",kWh
126 Forest St - Lord Saunders Dorm,41-00480-1,High Flow,10/01/2022,11/01/2022,"1,200",cf
126 Forest St - Lord Saunders Dorm,41-00480-1,High Flow,11/01/2022,12/01/2022,"1,400",cf
126 Forest St - Lord Saunders Dorm,41-00480-1,High Flow,12/01/2022,01/01/2023,"1,000",cf
126 Forest St - Lord Saunders Dorm,41-00480-1,High Flow,01/01/2023,02/01/2023,"1,100",cf
126 Forest St - Lord Saunders Dorm,41-00480-1,High Flow,02/01/2023,03/01/2023,"1,300",cf
126 Forest St - Lord Saunders Dorm,41-00480-1,High Flow,03/01/2023,04/01/2023,"1,100",cf
126 Forest St - Lord Saunders Dorm,41-00480-1,High Flow,04/01/2023,05/01/2023,"1,300",cf
126 Forest St - Lord Saunders Dorm,41-00480-1,High Flow,05/01/2023,06/01/2023,700,cf
126 Forest St - Lord Saunders Dorm,41-00480-1,High Flow,06/01/2023,07/01/2023,600,cf
126 Forest St - Lord Saunders Dorm,41-00480-1,High Flow,07/01/2023,08/01/2023,500,cf
126 Forest St - Lord Saunders Dorm,41-00480-1,High Flow,08/01/2023,09/01/2023,400,cf
126 Forest St - Lord Saunders Dorm,41-00480-1,High Flow,09/01/2023,10/01/2023,"1,200",cf
126 Forest St - Lord Saunders Dorm,41-00481-1,Low Flow,10/01/2022,11/01/2022,0,cf
126 Forest St - Lord Saunders Dorm,41-00481-1,Low Flow,11/01/2022,12/01/2022,0,cf
126 Forest St - Lord Saunders Dorm,41-00481-1,Low Flow,12/01/2022,01/01/2023,0,cf
126 Forest St - Lord Saunders Dorm,41-00481-1,Low Flow,01/01/2023,02/01/2023,"3,700",cf
126 Forest St - Lord Saunders Dorm,41-00481-1,Low Flow,02/01/2023,03/01/2023,"8,800",cf
126 Forest St - Lord Saunders Dorm,41-00481-1,Low Flow,03/01/2023,04/01/2023,"7,500",cf
126 Forest St - Lord Saunders Dorm,41-00481-1,Low Flow,04/01/2023,05/01/2023,"9,400",cf
126 Forest St - Lord Saunders Dorm,41-00481-1,Low Flow,05/01/2023,06/01/2023,"4,600",cf
126 Forest St - Lord Saunders Dorm,41-00481-1,Low Flow,06/01/2023,07/01/2023,"4,300",cf
126 Forest St - Lord Saunders Dorm,41-00481-1,Low Flow,07/01/2023,08/01/2023,"5,400",cf
126 Forest St - Lord Saunders Dorm,41-00481-1,Low Flow,08/01/2023,09/01/2023,"3,100",cf
126 Forest St - Lord Saunders Dorm,41-00481-1,Low Flow,09/01/2023,10/01/2023,"7,700",cf





134 S Professor St - Allencroft,41-00490-1,Electricity,10/01/2022,11/01/2022,"1,575",kWh
134 S Professor St - Allencroft,41-00490-1,Electricity,11/01/2022,12/01/2022,"2,007",kWh
134 S Professor St - Allencroft,41-00490-1,Electricity,12/01/2022,01/01/2023,"1,829",kWh
134 S Professor St - Allencroft,41-00490-1,Electricity,01/01/2023,02/01/2023,"3,472",kWh
134 S Professor St - Allencroft,41-00490-1,Electricity,02/01/2023,03/01/2023,"4,052",kWh
134 S Professor St - Allencroft,41-00490-1,Electricity,03/01/2023,04/01/2023,"3,923",kWh
134 S Professor St - Allencroft,41-00490-1,Electricity,04/01/2023,05/01/2023,"2,567",kWh
134 S Professor St - Allencroft,41-00490-1,Electricity,05/01/2023,06/01/2023,"1,528",kWh
134 S Professor St - Allencroft,41-00490-1,Electricity,06/01/2023,07/01/2023,"1,016",kWh
134 S Professor St - Allencroft,41-00490-1,Electricity,07/01/2023,08/01/2023,813,kWh
134 S Professor St - Allencroft,41-00490-1,Electricity,08/01/2023,09/01/2023,"1,338",kWh
134 S Professor St - Allencroft,41-00490-1,Electricity,09/01/2023,10/01/2023,"1,604",kWh
134 S Professor St - Allencroft,41-00490-1,Low Flow,10/01/2022,11/01/2022,"6,400",cf
134 S Professor St - Allencroft,41-00490-1,Low Flow,11/01/2022,12/01/2022,"3,700",cf
134 S Professor St - Allencroft,41-00490-1,Low Flow,12/01/2022,01/01/2023,600,cf
134 S Professor St - Allencroft,41-00490-1,Low Flow,01/01/2023,02/01/2023,"1,600",cf
134 S Professor St - Allencroft,41-00490-1,Low Flow,02/01/2023,03/01/2023,"1,200",cf
134 S Professor St - Allencroft,41-00490-1,Low Flow,03/01/2023,04/01/2023,800,cf
134 S Professor St - Allencroft,41-00490-1,Low Flow,04/01/2023,05/01/2023,"1,400",cf
134 S Professor St - Allencroft,41-00490-1,Low Flow,05/01/2023,06/01/2023,900,cf
134 S Professor St - Allencroft,41-00490-1,Low Flow,06/01/2023,07/01/2023,200,cf
134 S Professor St - Allencroft,41-00490-1,Low Flow,07/01/2023,08/01/2023,100,cf
134 S Professor St - Allencroft,41-00490-1,Low Flow,08/01/2023,09/01/2023,100,cf
134 S Professor St - Allencroft,41-00490-1,Low Flow,09/01/2023,10/01/2023,400,cf





140 W College St - Dascomb,41-00290-1,Electricity,10/01/2022,11/01/2022,"37,320",kWh
140 W College St - Dascomb,41-00290-1,Electricity,11/01/2022,12/01/2022,"39,720",kWh
140 W College St - Dascomb,41-00290-1,Electricity,12/01/2022,01/01/2023,"44,640",kWh
140 W College St - Dascomb,41-00290-1,Electricity,01/01/2023,02/01/2023,"39,800",kWh
140 W College St - Dascomb,41-00290-1,Electricity,02/01/2023,03/01/2023,"39,400",kWh
140 W College St - Dascomb,41-00290-1,Electricity,03/01/2023,04/01/2023,"41,480",kWh
140 W College St - Dascomb,41-00290-1,Electricity,04/01/2023,05/01/2023,"37,040",kWh
140 W College St - Dascomb,41-00290-1,Electricity,05/01/2023,06/01/2023,"30,400",kWh
140 W College St - Dascomb,41-00290-1,Electricity,06/01/2023,07/01/2023,"23,280",kWh
140 W College St - Dascomb,41-00290-1,Electricity,07/01/2023,08/01/2023,"28,080",kWh
140 W College St - Dascomb,41-00290-1,Electricity,08/01/2023,09/01/2023,"26,800",kWh
140 W College St - Dascomb,41-00290-1,Electricity,09/01/2023,10/01/2023,"36,360",kWh
140 W College St - Dascomb,41-00290-1,Low Flow,10/01/2022,11/01/2022,"12,400",cf
140 W College St - Dascomb,41-00290-1,Low Flow,11/01/2022,12/01/2022,"13,900",cf
140 W College St - Dascomb,41-00290-1,Low Flow,12/01/2022,01/01/2023,"10,900",cf
140 W College St - Dascomb,41-00290-1,Low Flow,01/01/2023,02/01/2023,"7,400",cf
140 W College St - Dascomb,41-00290-1,Low Flow,02/01/2023,03/01/2023,"14,300",cf
140 W College St - Dascomb,41-00290-1,Low Flow,03/01/2023,04/01/2023,"12,700",cf
140 W College St - Dascomb,41-00290-1,Low Flow,04/01/2023,05/01/2023,"15,100",cf
140 W College St - Dascomb,41-00290-1,Low Flow,05/01/2023,06/01/2023,"7,300",cf
140 W College St - Dascomb,41-00290-1,Low Flow,06/01/2023,07/01/2023,900,cf
140 W College St - Dascomb,41-00290-1,Low Flow,07/01/2023,08/01/2023,"2,200",cf
140 W College St - Dascomb,41-00290-1,Low Flow,08/01/2023,09/01/2023,"2,900",cf
140 W College St - Dascomb,41-00290-1,Low Flow,09/01/2023,10/01/2023,"14,900",cf
140 W College St - Dascomb,41-00292-1,High Flow,10/01/2022,11/01/2022,0,cf
140 W College St - Dascomb,41-00292-1,High Flow,11/01/2022,12/01/2022,0,cf
140 W College St - Dascomb,41-00292-1,High Flow,12/01/2022,01/01/2023,0,cf
140 W College St - Dascomb,41-00292-1,High Flow,01/01/2023,02/01/2023,0,cf
140 W College St - Dascomb,41-00292-1,High Flow,02/01/2023,03/01/2023,0,cf
140 W College St - Dascomb,41-00292-1,High Flow,03/01/2023,04/01/2023,0,cf
140 W College St - Dascomb,41-00292-1,High Flow,04/01/2023,05/01/2023,0,cf
140 W College St - Dascomb,41-00292-1,High Flow,05/01/2023,06/01/2023,0,cf
140 W College St - Dascomb,41-00292-1,High Flow,06/01/2023,07/01/2023,0,cf
140 W College St - Dascomb,41-00292-1,High Flow,07/01/2023,08/01/2023,0,cf
140 W College St - Dascomb,41-00292-1,High Flow,08/01/2023,09/01/2023,0,cf
140 W College St - Dascomb,41-00292-1,High Flow,09/01/2023,10/01/2023,0,cf





145 Woodland St - Barrows Hall,41-00200-1,Electricity,10/01/2022,11/01/2022,"12,960",kWh
145 Woodland St - Barrows Hall,41-00200-1,Electricity,11/01/2022,12/01/2022,"12,640",kWh
145 Woodland St - Barrows Hall,41-00200-1,Electricity,12/01/2022,01/01/2023,"11,040",kWh
145 Woodland St - Barrows Hall,41-00200-1,Electricity,01/01/2023,02/01/2023,"8,400",kWh
145 Woodland St - Barrows Hall,41-00200-1,Electricity,02/01/2023,03/01/2023,"11,440",kWh
145 Woodland St - Barrows Hall,41-00200-1,Electricity,03/01/2023,04/01/2023,"12,000",kWh
145 Woodland St - Barrows Hall,41-00200-1,Electricity,04/01/2023,05/01/2023,"11,920",kWh
145 Woodland St - Barrows Hall,41-00200-1,Electricity,05/01/2023,06/01/2023,"7,920",kWh
145 Woodland St - Barrows Hall,41-00200-1,Electricity,06/01/2023,07/01/2023,"3,920",kWh
145 Woodland St - Barrows Hall,41-00200-1,Electricity,07/01/2023,08/01/2023,"3,840",kWh
145 Woodland St - Barrows Hall,41-00200-1,Electricity,08/01/2023,09/01/2023,"7,040",kWh
145 Woodland St - Barrows Hall,41-00200-1,Electricity,09/01/2023,10/01/2023,"15,600",kWh
145 Woodland St - Barrows Hall,41-00200-1,Water,10/01/2022,11/01/2022,"9,200",cf
145 Woodland St - Barrows Hall,41-00200-1,Water,11/01/2022,12/01/2022,"11,100",cf
145 Woodland St - Barrows Hall,41-00200-1,Water,12/01/2022,01/01/2023,"12,200",cf
145 Woodland St - Barrows Hall,41-00200-1,Water,01/01/2023,02/01/2023,"16,400",cf
145 Woodland St - Barrows Hall,41-00200-1,Water,02/01/2023,03/01/2023,"18,200",cf
145 Woodland St - Barrows Hall,41-00200-1,Water,03/01/2023,04/01/2023,"30,200",cf
145 Woodland St - Barrows Hall,41-00200-1,Water,04/01/2023,05/01/2023,"11,000",cf
145 Woodland St - Barrows Hall,41-00200-1,Water,05/01/2023,06/01/2023,"3,800",cf
145 Woodland St - Barrows Hall,41-00200-1,Water,06/01/2023,07/01/2023,"1,300",cf
145 Woodland St - Barrows Hall,41-00200-1,Water,07/01/2023,08/01/2023,200,cf
145 Woodland St - Barrows Hall,41-00200-1,Water,08/01/2023,09/01/2023,"2,000",cf
145 Woodland St - Barrows Hall,41-00200-1,Water,09/01/2023,10/01/2023,"5,400",cf
145 Woodland St - Barrows Hall,41-00201-1,Water,10/01/2022,11/01/2022,"13,000",cf
145 Woodland St - Barrows Hall,41-00201-1,Water,11/01/2022,12/01/2022,"12,600",cf
145 Woodland St - Barrows Hall,41-00201-1,Water,12/01/2022,01/01/2023,"11,700",cf
145 Woodland St - Barrows Hall,41-00201-1,Water,01/01/2023,02/01/2023,"8,200",cf
145 Woodland St - Barrows Hall,41-00201-1,Water,02/01/2023,03/01/2023,"14,900",cf
145 Woodland St - Barrows Hall,41-00201-1,Water,03/01/2023,04/01/2023,"15,100",cf
145 Woodland St - Barrows Hall,41-00201-1,Water,04/01/2023,05/01/2023,"14,300",cf
145 Woodland St - Barrows Hall,41-00201-1,Water,05/01/2023,06/01/2023,"5,900",cf
145 Woodland St - Barrows Hall,41-00201-1,Water,06/01/2023,07/01/2023,"1,200",cf
145 Woodland St - Barrows Hall,41-00201-1,Water,07/01/2023,08/01/2023,300,cf
145 Woodland St - Barrows Hall,41-00201-1,Water,08/01/2023,09/01/2023,"3,000",cf
145 Woodland St - Barrows Hall,41-00201-1,Water,09/01/2023,10/01/2023,"10,700",cf





148 N Professor St - Barnard House,41-00070-1,High Flow,10/01/2022,11/01/2022,"5,800",cf
148 N Professor St - Barnard House,41-00070-1,High Flow,11/01/2022,12/01/2022,"2,500",cf
148 N Professor St - Barnard House,41-00070-1,High Flow,12/01/2022,01/01/2023,"1,800",cf
148 N Professor St - Barnard House,41-00070-1,High Flow,01/01/2023,02/01/2023,"2,600",cf
148 N Professor St - Barnard House,41-00070-1,High Flow,02/01/2023,03/01/2023,"3,300",cf
148 N Professor St - Barnard House,41-00070-1,High Flow,03/01/2023,04/01/2023,"2,700",cf
148 N Professor St - Barnard House,41-00070-1,High Flow,04/01/2023,05/04/2023,"2,700",cf
148 N Professor St - Barnard House,41-00070-1,High Flow,05/04/2023,06/07/2023,"1,700",cf
148 N Professor St - Barnard House,41-00070-1,High Flow,06/07/2023,07/12/2023,700,cf
148 N Professor St - Barnard House,41-00070-1,High Flow,07/12/2023,08/07/2023,"2,100",cf
148 N Professor St - Barnard House,41-00070-1,High Flow,08/07/2023,09/12/2023,"6,300",cf
148 N Professor St - Barnard House,41-00070-1,High Flow,09/12/2023,10/10/2023,"4,100",cf
148 N Professor St - Barnard House,41-00071-1,Water,10/01/2022,11/01/2022,"4,000",cf
148 N Professor St - Barnard House,41-00071-1,Water,11/01/2022,12/01/2022,"3,100",cf
148 N Professor St - Barnard House,41-00071-1,Water,12/01/2022,01/01/2023,"2,300",cf
148 N Professor St - Barnard House,41-00071-1,Water,01/01/2023,02/01/2023,"2,700",cf
148 N Professor St - Barnard House,41-00071-1,Water,02/01/2023,03/01/2023,"3,300",cf
148 N Professor St - Barnard House,41-00071-1,Water,03/01/2023,04/01/2023,"2,900",cf
148 N Professor St - Barnard House,41-00071-1,Water,04/01/2023,05/01/2023,"3,400",cf
148 N Professor St - Barnard House,41-00071-1,Water,05/01/2023,06/01/2023,"2,500",cf
148 N Professor St - Barnard House,41-00071-1,Water,06/01/2023,07/01/2023,200,cf
148 N Professor St - Barnard House,41-00071-1,Water,07/01/2023,08/01/2023,900,cf
148 N Professor St - Barnard House,41-00071-1,Water,08/01/2023,09/01/2023,"3,000",cf
148 N Professor St - Barnard House,41-00071-1,Water,09/01/2023,10/01/2023,"3,700",cf





154 N Main St - Keep Cottage,41-00530-1,Electricity,10/01/2022,11/01/2022,"6,882",kWh
154 N Main St - Keep Cottage,41-00530-1,Electricity,11/01/2022,12/01/2022,"6,977",kWh
154 N Main St - Keep Cottage,41-00530-1,Electricity,12/01/2022,01/01/2023,"6,413",kWh
154 N Main St - Keep Cottage,41-00530-1,Electricity,01/01/2023,02/01/2023,"4,736",kWh
154 N Main St - Keep Cottage,41-00530-1,Electricity,02/01/2023,03/01/2023,"6,390",kWh
154 N Main St - Keep Cottage,41-00530-1,Electricity,03/01/2023,04/01/2023,"6,234",kWh
154 N Main St - Keep Cottage,41-00530-1,Electricity,04/01/2023,05/01/2023,"5,959",kWh
154 N Main St - Keep Cottage,41-00530-1,Electricity,05/01/2023,06/01/2023,"4,255",kWh
154 N Main St - Keep Cottage,41-00530-1,Electricity,06/01/2023,07/01/2023,"2,302",kWh
154 N Main St - Keep Cottage,41-00530-1,Electricity,07/01/2023,08/01/2023,"2,395",kWh
154 N Main St - Keep Cottage,41-00530-1,Electricity,08/01/2023,09/01/2023,"3,362",kWh
154 N Main St - Keep Cottage,41-00530-1,Electricity,09/01/2023,10/01/2023,"5,851",kWh
154 N Main St - Keep Cottage,41-00540-1,Low Flow,10/01/2022,11/01/2022,0,cf
154 N Main St - Keep Cottage,41-00540-1,Low Flow,11/01/2022,12/01/2022,100,cf
154 N Main St - Keep Cottage,41-00540-1,Low Flow,12/01/2022,01/01/2023,0,cf
154 N Main St - Keep Cottage,41-00540-1,Low Flow,01/01/2023,02/01/2023,0,cf
154 N Main St - Keep Cottage,41-00540-1,Low Flow,02/01/2023,03/01/2023,0,cf
154 N Main St - Keep Cottage,41-00540-1,Low Flow,03/01/2023,04/01/2023,0,cf
154 N Main St - Keep Cottage,41-00540-1,Low Flow,04/01/2023,05/01/2023,0,cf
154 N Main St - Keep Cottage,41-00540-1,Low Flow,05/01/2023,06/01/2023,0,cf
154 N Main St - Keep Cottage,41-00540-1,Low Flow,06/01/2023,07/01/2023,0,cf
154 N Main St - Keep Cottage,41-00540-1,Low Flow,07/01/2023,08/01/2023,0,cf
154 N Main St - Keep Cottage,41-00540-1,Low Flow,08/01/2023,09/01/2023,0,cf
154 N Main St - Keep Cottage,41-00540-1,Low Flow,09/01/2023,10/01/2023,0,cf
154 N Main St - Keep Cottage,41-00541-1,Water,10/01/2022,11/01/2022,"5,100",cf
154 N Main St - Keep Cottage,41-00541-1,Water,11/01/2022,12/01/2022,"5,700",cf
154 N Main St - Keep Cottage,41-00541-1,Water,12/01/2022,01/01/2023,"5,200",cf
154 N Main St - Keep Cottage,41-00541-1,Water,01/01/2023,02/01/2023,"5,800",cf
154 N Main St - Keep Cottage,41-00541-1,Water,02/01/2023,03/01/2023,"10,700",cf
154 N Main St - Keep Cottage,41-00541-1,Water,03/01/2023,04/01/2023,"6,200",cf
154 N Main St - Keep Cottage,41-00541-1,Water,04/01/2023,05/01/2023,"6,100",cf
154 N Main St - Keep Cottage,41-00541-1,Water,05/01/2023,06/01/2023,"2,700",cf
154 N Main St - Keep Cottage,41-00541-1,Water,06/01/2023,07/01/2023,0,cf
154 N Main St - Keep Cottage,41-00541-1,Water,07/01/2023,08/01/2023,100,cf
154 N Main St - Keep Cottage,41-00541-1,Water,08/01/2023,09/01/2023,"1,500",cf
154 N Main St - Keep Cottage,41-00541-1,Water,09/01/2023,10/01/2023,"5,100",cf





167 Woodland St - Noah Hall,41-00190-1,Electricity,10/01/2022,11/01/2022,"11,120",kWh
167 Woodland St - Noah Hall,41-00190-1,Electricity,11/01/2022,12/01/2022,"11,480",kWh
167 Woodland St - Noah Hall,41-00190-1,Electricity,12/01/2022,01/01/2023,"11,880",kWh
167 Woodland St - Noah Hall,41-00190-1,Electricity,01/01/2023,02/01/2023,"11,520",kWh
167 Woodland St - Noah Hall,41-00190-1,Electricity,02/01/2023,03/01/2023,"12,360",kWh
167 Woodland St - Noah Hall,41-00190-1,Electricity,03/01/2023,04/01/2023,"13,200",kWh
167 Woodland St - Noah Hall,41-00190-1,Electricity,04/01/2023,05/01/2023,"13,080",kWh
167 Woodland St - Noah Hall,41-00190-1,Electricity,05/01/2023,06/01/2023,"14,000",kWh
167 Woodland St - Noah Hall,41-00190-1,Electricity,06/01/2023,07/01/2023,"8,120",kWh
167 Woodland St - Noah Hall,41-00190-1,Electricity,07/01/2023,08/01/2023,"8,400",kWh
167 Woodland St - Noah Hall,41-00190-1,Electricity,08/01/2023,09/01/2023,"10,680",kWh
167 Woodland St - Noah Hall,41-00190-1,Electricity,09/01/2023,10/01/2023,"12,960",kWh
167 Woodland St - Noah Hall,41-00190-1,Low Flow,10/01/2022,11/01/2022,"6,300",cf
167 Woodland St - Noah Hall,41-00190-1,Low Flow,11/01/2022,12/01/2022,"6,100",cf
167 Woodland St - Noah Hall,41-00190-1,Low Flow,12/01/2022,01/01/2023,"4,800",cf
167 Woodland St - Noah Hall,41-00190-1,Low Flow,01/01/2023,02/01/2023,"3,800",cf
167 Woodland St - Noah Hall,41-00190-1,Low Flow,02/01/2023,03/01/2023,"5,400",cf
167 Woodland St - Noah Hall,41-00190-1,Low Flow,03/01/2023,04/01/2023,"5,400",cf
167 Woodland St - Noah Hall,41-00190-1,Low Flow,04/01/2023,05/01/2023,"6,000",cf
167 Woodland St - Noah Hall,41-00190-1,Low Flow,05/01/2023,06/01/2023,"3,300",cf
167 Woodland St - Noah Hall,41-00190-1,Low Flow,06/01/2023,07/01/2023,800,cf
167 Woodland St - Noah Hall,41-00190-1,Low Flow,07/01/2023,08/01/2023,"1,600",cf
167 Woodland St - Noah Hall,41-00190-1,Low Flow,08/01/2023,09/01/2023,"2,200",cf
167 Woodland St - Noah Hall,41-00190-1,Low Flow,09/01/2023,10/01/2023,"7,500",cf
167 Woodland St - Noah Hall,41-00192-1,High Flow,10/01/2022,11/01/2022,"1,000",cf
167 Woodland St - Noah Hall,41-00192-1,High Flow,11/01/2022,12/01/2022,"1,100",cf
167 Woodland St - Noah Hall,41-00192-1,High Flow,12/01/2022,01/01/2023,900,cf
167 Woodland St - Noah Hall,41-00192-1,High Flow,01/01/2023,02/01/2023,700,cf
167 Woodland St - Noah Hall,41-00192-1,High Flow,02/01/2023,03/01/2023,"1,300",cf
167 Woodland St - Noah Hall,41-00192-1,High Flow,03/01/2023,04/07/2023,"1,000",cf
167 Woodland St - Noah Hall,41-00192-1,High Flow,04/07/2023,05/04/2023,"1,200",cf
167 Woodland St - Noah Hall,41-00192-1,High Flow,05/04/2023,06/01/2023,500,cf
167 Woodland St - Noah Hall,41-00192-1,High Flow,06/01/2023,07/01/2023,400,cf
167 Woodland St - Noah Hall,41-00192-1,High Flow,07/01/2023,08/07/2023,600,cf
167 Woodland St - Noah Hall,41-00192-1,High Flow,08/07/2023,09/12/2023,"1,400",cf





169 N Professor St - Kahn Hall ,41-00097-1,High Flow,10/01/2022,11/04/2022,"2,800",cf
169 N Professor St - Kahn Hall ,41-00097-1,High Flow,11/04/2022,12/01/2022,"2,300",cf
169 N Professor St - Kahn Hall ,41-00097-1,High Flow,12/01/2022,01/06/2023,"1,900",cf
169 N Professor St - Kahn Hall ,41-00097-1,High Flow,01/06/2023,02/01/2023,"1,200",cf
169 N Professor St - Kahn Hall ,41-00097-1,High Flow,02/01/2023,03/01/2023,"2,400",cf
169 N Professor St - Kahn Hall ,41-00097-1,High Flow,03/01/2023,04/01/2023,"7,600",cf
169 N Professor St - Kahn Hall ,41-00097-1,High Flow,04/01/2023,05/01/2023,"3,600",cf
169 N Professor St - Kahn Hall ,41-00097-1,High Flow,05/01/2023,06/01/2023,"1,200",cf
169 N Professor St - Kahn Hall ,41-00097-1,High Flow,06/01/2023,07/01/2023,100,cf
169 N Professor St - Kahn Hall ,41-00097-1,High Flow,07/01/2023,08/07/2023,100,cf
169 N Professor St - Kahn Hall ,41-00097-1,High Flow,08/07/2023,09/01/2023,"1,000",cf
169 N Professor St - Kahn Hall ,41-00097-1,High Flow,09/01/2023,10/10/2023,"5,400",cf
169 N Professor St - Kahn Hall ,41-00098-1,Low Flow,10/06/2022,11/01/2022,"6,200",cf
169 N Professor St - Kahn Hall ,41-00098-1,Low Flow,11/01/2022,12/01/2022,"8,300",cf
169 N Professor St - Kahn Hall ,41-00098-1,Low Flow,12/01/2022,01/01/2023,"6,400",cf
169 N Professor St - Kahn Hall ,41-00098-1,Low Flow,01/01/2023,02/01/2023,"4,100",cf
169 N Professor St - Kahn Hall ,41-00098-1,Low Flow,02/01/2023,03/01/2023,"8,000",cf
169 N Professor St - Kahn Hall ,41-00098-1,Low Flow,03/01/2023,04/01/2023,"10,300",cf
169 N Professor St - Kahn Hall ,41-00098-1,Low Flow,04/01/2023,05/01/2023,"9,500",cf
169 N Professor St - Kahn Hall ,41-00098-1,Low Flow,05/01/2023,06/01/2023,"4,200",cf
169 N Professor St - Kahn Hall ,41-00098-1,Low Flow,06/01/2023,07/01/2023,900,cf
169 N Professor St - Kahn Hall ,41-00098-1,Low Flow,07/01/2023,08/07/2023,800,cf
169 N Professor St - Kahn Hall ,41-00098-1,Low Flow,08/07/2023,09/01/2023,"1,800",cf
169 N Professor St - Kahn Hall ,41-00098-1,Low Flow,09/01/2023,10/10/2023,"10,500",cf
169 N Professor St - Kahn Hall ,43-00097-1,Electricity,10/01/2022,11/01/2022,"26,480",kWh
169 N Professor St - Kahn Hall ,43-00097-1,Electricity,11/01/2022,12/01/2022,"29,600",kWh
169 N Professor St - Kahn Hall ,43-00097-1,Electricity,12/01/2022,01/01/2023,"28,080",kWh
169 N Professor St - Kahn Hall ,43-00097-1,Electricity,01/01/2023,02/01/2023,"26,640",kWh
169 N Professor St - Kahn Hall ,43-00097-1,Electricity,02/01/2023,03/01/2023,"26,880",kWh
169 N Professor St - Kahn Hall ,43-00097-1,Electricity,03/01/2023,04/01/2023,"29,040",kWh
169 N Professor St - Kahn Hall ,43-00097-1,Electricity,04/01/2023,05/01/2023,"26,960",kWh
169 N Professor St - Kahn Hall ,43-00097-1,Electricity,05/01/2023,06/01/2023,"26,400",kWh
169 N Professor St - Kahn Hall ,43-00097-1,Electricity,06/01/2023,07/01/2023,"14,800",kWh
169 N Professor St - Kahn Hall ,43-00097-1,Electricity,07/01/2023,08/01/2023,"22,240",kWh
169 N Professor St - Kahn Hall ,43-00097-1,Electricity,08/01/2023,09/01/2023,"30,160",kWh
169 N Professor St - Kahn Hall ,43-00097-1,Electricity,09/01/2023,10/01/2023,"35,920",kWh
169 N Professor St - Kahn Hall ,SolarAction,Electricity,11/01/2022,11/30/2022,862,kWh
169 N Professor St - Kahn Hall ,SolarAction,Electricity,11/30/2022,12/31/2022,472,kWh
169 N Professor St - Kahn Hall ,SolarAction,Electricity,12/31/2022,01/31/2023,441,kWh
169 N Professor St - Kahn Hall ,SolarAction,Electricity,01/31/2023,02/28/2023,902,kWh
169 N Professor St - Kahn Hall ,SolarAction,Electricity,02/28/2023,03/31/2023,"1,010",kWh
169 N Professor St - Kahn Hall ,SolarAction,Electricity,03/31/2023,04/30/2023,"1,276",kWh
169 N Professor St - Kahn Hall ,SolarAction,Electricity,04/30/2023,05/31/2023,"1,586",kWh
169 N Professor St - Kahn Hall ,SolarAction,Electricity,05/31/2023,06/30/2023,"1,340",kWh
169 N Professor St - Kahn Hall ,SolarAction,Electricity,06/30/2023,07/31/2023,"1,351",kWh
169 N Professor St - Kahn Hall ,SolarAction,Electricity,07/31/2023,08/31/2023,"1,359",kWh
169 N Professor St - Kahn Hall ,SolarAction,Electricity,08/31/2023,09/30/2023,"1,154",kWh





176 N Professor St - East Hall,41-00060-1,Electricity,10/01/2022,11/01/2022,"30,000",kWh
176 N Professor St - East Hall,41-00060-1,Electricity,11/01/2022,12/01/2022,"30,400",kWh
176 N Professor St - East Hall,41-00060-1,Electricity,12/01/2022,01/01/2023,"27,600",kWh
176 N Professor St - East Hall,41-00060-1,Electricity,01/01/2023,02/01/2023,"25,680",kWh
176 N Professor St - East Hall,41-00060-1,Electricity,02/01/2023,03/01/2023,"28,800",kWh
176 N Professor St - East Hall,41-00060-1,Electricity,03/01/2023,04/01/2023,"29,360",kWh
176 N Professor St - East Hall,41-00060-1,Electricity,04/01/2023,05/01/2023,"29,760",kWh
176 N Professor St - East Hall,41-00060-1,Electricity,05/01/2023,06/01/2023,"24,960",kWh
176 N Professor St - East Hall,41-00060-1,Electricity,06/01/2023,07/01/2023,"4,720",kWh
176 N Professor St - East Hall,41-00060-1,Electricity,07/01/2023,08/01/2023,"10,880",kWh
176 N Professor St - East Hall,41-00060-1,Electricity,08/01/2023,09/01/2023,"13,760",kWh
176 N Professor St - East Hall,41-00060-1,Electricity,09/01/2023,10/02/2023,"26,720",kWh
176 N Professor St - East Hall,41-00060-1,Low Flow,10/01/2022,11/01/2022,"12,400",cf
176 N Professor St - East Hall,41-00060-1,Low Flow,11/01/2022,12/01/2022,"13,700",cf
176 N Professor St - East Hall,41-00060-1,Low Flow,12/01/2022,01/01/2023,"10,300",cf
176 N Professor St - East Hall,41-00060-1,Low Flow,01/01/2023,02/01/2023,"8,900",cf
176 N Professor St - East Hall,41-00060-1,Low Flow,02/01/2023,03/01/2023,"14,600",cf
176 N Professor St - East Hall,41-00060-1,Low Flow,03/01/2023,04/01/2023,"13,200",cf
176 N Professor St - East Hall,41-00060-1,Low Flow,04/01/2023,05/01/2023,"14,100",cf
176 N Professor St - East Hall,41-00060-1,Low Flow,05/01/2023,06/01/2023,"4,600",cf
176 N Professor St - East Hall,41-00060-1,Low Flow,06/01/2023,07/01/2023,900,cf
176 N Professor St - East Hall,41-00060-1,Low Flow,07/01/2023,08/01/2023,"26,000",cf
176 N Professor St - East Hall,41-00060-1,Low Flow,08/01/2023,09/01/2023,"23,300",cf
176 N Professor St - East Hall,41-00060-1,Low Flow,09/01/2023,10/02/2023,"17,000",cf
176 N Professor St - East Hall,41-00061-1,High Flow,10/01/2022,11/01/2022,"5,500",cf
176 N Professor St - East Hall,41-00061-1,High Flow,11/01/2022,12/01/2022,"6,400",cf
176 N Professor St - East Hall,41-00061-1,High Flow,12/01/2022,01/01/2023,"4,100",cf
176 N Professor St - East Hall,41-00061-1,High Flow,01/01/2023,02/01/2023,"4,400",cf
176 N Professor St - East Hall,41-00061-1,High Flow,02/01/2023,03/01/2023,"6,300",cf
176 N Professor St - East Hall,41-00061-1,High Flow,03/01/2023,04/01/2023,"5,200",cf
176 N Professor St - East Hall,41-00061-1,High Flow,04/01/2023,05/01/2023,"6,900",cf
176 N Professor St - East Hall,41-00061-1,High Flow,05/01/2023,06/01/2023,"3,200",cf
176 N Professor St - East Hall,41-00061-1,High Flow,06/01/2023,07/01/2023,900,cf
176 N Professor St - East Hall,41-00061-1,High Flow,07/01/2023,08/01/2023,"38,700",cf
176 N Professor St - East Hall,41-00061-1,High Flow,08/01/2023,09/01/2023,"41,100",cf
176 N Professor St - East Hall,41-00061-1,High Flow,09/01/2023,10/01/2023,"10,500",cf





194 N Professor St - Burton Hall,41-00050-1,Water,10/01/2022,11/01/2022,"1,300",cf
194 N Professor St - Burton Hall,41-00050-1,Water,11/01/2022,12/01/2022,"1,500",cf
194 N Professor St - Burton Hall,41-00050-1,Water,12/01/2022,01/01/2023,"2,400",cf
194 N Professor St - Burton Hall,41-00050-1,Water,01/01/2023,02/01/2023,0,cf
194 N Professor St - Burton Hall,41-00050-1,Water,02/01/2023,03/01/2023,0,cf
194 N Professor St - Burton Hall,41-00050-1,Water,03/01/2023,04/01/2023,0,cf
194 N Professor St - Burton Hall,41-00050-1,Water,04/01/2023,05/01/2023,0,cf
194 N Professor St - Burton Hall,41-00050-1,Water,05/01/2023,06/01/2023,0,cf
194 N Professor St - Burton Hall,41-00050-1,Water,06/01/2023,07/01/2023,0,cf
194 N Professor St - Burton Hall,41-00050-1,Water,07/01/2023,08/01/2023,0,cf
194 N Professor St - Burton Hall,41-00050-1,Water,08/01/2023,09/01/2023,0,cf
194 N Professor St - Burton Hall,41-00050-1,Water,09/01/2023,10/01/2023,0,cf
194 N Professor St - Burton Hall,41-00051-1,Water,10/01/2022,11/01/2022,"7,300",cf
194 N Professor St - Burton Hall,41-00051-1,Water,11/01/2022,12/01/2022,"8,100",cf
194 N Professor St - Burton Hall,41-00051-1,Water,12/01/2022,01/01/2023,"8,400",cf
194 N Professor St - Burton Hall,41-00051-1,Water,01/01/2023,02/01/2023,"5,100",cf
194 N Professor St - Burton Hall,41-00051-1,Water,02/01/2023,03/01/2023,"8,300",cf
194 N Professor St - Burton Hall,41-00051-1,Water,03/01/2023,04/01/2023,"7,300",cf
194 N Professor St - Burton Hall,41-00051-1,Water,04/01/2023,05/01/2023,"8,400",cf
194 N Professor St - Burton Hall,41-00051-1,Water,05/01/2023,06/01/2023,"4,100",cf
194 N Professor St - Burton Hall,41-00051-1,Water,06/01/2023,07/01/2023,700,cf
194 N Professor St - Burton Hall,41-00051-1,Water,07/01/2023,08/01/2023,"3,100",cf
194 N Professor St - Burton Hall,41-00051-1,Water,08/01/2023,09/01/2023,"2,900",cf
194 N Professor St - Burton Hall,41-00051-1,Water,09/01/2023,10/01/2023,"8,500",cf





2 S Professor St - Talcott Hall,41-00370-1,Low Flow,10/01/2022,11/01/2022,"2,400",cf
2 S Professor St - Talcott Hall,41-00370-1,Low Flow,11/01/2022,12/01/2022,"2,900",cf
2 S Professor St - Talcott Hall,41-00370-1,Low Flow,12/01/2022,01/01/2023,"1,900",cf
2 S Professor St - Talcott Hall,41-00370-1,Low Flow,01/01/2023,02/01/2023,"2,100",cf
2 S Professor St - Talcott Hall,41-00370-1,Low Flow,02/01/2023,03/01/2023,"3,800",cf
2 S Professor St - Talcott Hall,41-00370-1,Low Flow,03/01/2023,04/01/2023,"2,100",cf
2 S Professor St - Talcott Hall,41-00370-1,Low Flow,04/01/2023,05/01/2023,"2,500",cf
2 S Professor St - Talcott Hall,41-00370-1,Low Flow,05/01/2023,06/01/2023,"1,200",cf
2 S Professor St - Talcott Hall,41-00370-1,Low Flow,06/01/2023,07/01/2023,400,cf
2 S Professor St - Talcott Hall,41-00370-1,Low Flow,07/01/2023,08/01/2023,"5,200",cf
2 S Professor St - Talcott Hall,41-00370-1,Low Flow,08/01/2023,09/01/2023,700,cf
2 S Professor St - Talcott Hall,41-00370-1,Low Flow,09/01/2023,10/01/2023,"3,200",cf
2 S Professor St - Talcott Hall,41-00371-1,Water,10/01/2022,11/01/2022,"7,300",cf
2 S Professor St - Talcott Hall,41-00371-1,Water,11/01/2022,12/01/2022,"8,400",cf
2 S Professor St - Talcott Hall,41-00371-1,Water,12/01/2022,01/01/2023,"5,600",cf
2 S Professor St - Talcott Hall,41-00371-1,Water,01/01/2023,02/01/2023,"4,000",cf
2 S Professor St - Talcott Hall,41-00371-1,Water,02/01/2023,03/01/2023,"8,900",cf
2 S Professor St - Talcott Hall,41-00371-1,Water,03/01/2023,04/01/2023,"7,300",cf
2 S Professor St - Talcott Hall,41-00371-1,Water,04/01/2023,05/01/2023,"8,200",cf
2 S Professor St - Talcott Hall,41-00371-1,Water,05/01/2023,06/01/2023,"4,800",cf
2 S Professor St - Talcott Hall,41-00371-1,Water,06/01/2023,07/01/2023,"1,700",cf
2 S Professor St - Talcott Hall,41-00371-1,Water,07/01/2023,08/01/2023,"3,000",cf
2 S Professor St - Talcott Hall,41-00371-1,Water,08/01/2023,09/01/2023,"2,100",cf
2 S Professor St - Talcott Hall,41-00371-1,Water,09/01/2023,10/01/2023,"8,000",cf
2 S Professor St - Talcott Hall,41-00385-1,Electricity,10/01/2022,11/01/2022,"14,640",kWh
2 S Professor St - Talcott Hall,41-00385-1,Electricity,11/01/2022,12/01/2022,"16,560",kWh
2 S Professor St - Talcott Hall,41-00385-1,Electricity,12/01/2022,01/01/2023,"15,720",kWh
2 S Professor St - Talcott Hall,41-00385-1,Electricity,01/01/2023,02/01/2023,"13,080",kWh
2 S Professor St - Talcott Hall,41-00385-1,Electricity,02/01/2023,03/01/2023,"15,760",kWh
2 S Professor St - Talcott Hall,41-00385-1,Electricity,03/01/2023,04/01/2023,"15,720",kWh
2 S Professor St - Talcott Hall,41-00385-1,Electricity,04/01/2023,05/01/2023,"14,680",kWh
2 S Professor St - Talcott Hall,41-00385-1,Electricity,05/01/2023,06/01/2023,"12,680",kWh
2 S Professor St - Talcott Hall,41-00385-1,Electricity,06/01/2023,07/01/2023,"11,600",kWh
2 S Professor St - Talcott Hall,41-00385-1,Electricity,07/01/2023,08/01/2023,"10,560",kWh
2 S Professor St - Talcott Hall,41-00385-1,Electricity,08/01/2023,09/01/2023,"11,360",kWh
2 S Professor St - Talcott Hall,41-00385-1,Electricity,09/01/2023,10/01/2023,"15,440",kWh





20 E Lorain St,24-14140-7,Electricity,10/01/2022,11/01/2022,515,kWh
20 E Lorain St,24-14140-7,Electricity,11/01/2022,12/01/2022,659,kWh
20 E Lorain St,24-14140-7,Electricity,12/01/2022,01/01/2023,549,kWh
20 E Lorain St,24-14140-7,Electricity,01/01/2023,02/01/2023,333,kWh
20 E Lorain St,24-14140-7,Electricity,02/01/2023,03/01/2023,625,kWh
20 E Lorain St,24-14140-7,Electricity,03/01/2023,04/01/2023,624,kWh
20 E Lorain St,24-14140-7,Electricity,04/01/2023,05/01/2023,608,kWh
20 E Lorain St,24-14140-7,Electricity,05/01/2023,06/01/2023,529,kWh
20 E Lorain St,24-14140-7,Electricity,06/01/2023,07/01/2023,56,kWh
20 E Lorain St,24-14140-7,Electricity,07/01/2023,08/01/2023,39,kWh
20 E Lorain St,24-14140-7,Electricity,08/01/2023,09/01/2023,228,kWh
20 E Lorain St,24-14140-7,Electricity,09/01/2023,10/01/2023,489,kWh
20 E Lorain St,24-14140-7,Low Flow,10/01/2022,11/01/2022,500,cf
20 E Lorain St,24-14140-7,Low Flow,11/01/2022,12/01/2022,500,cf
20 E Lorain St,24-14140-7,Low Flow,12/01/2022,01/01/2023,400,cf
20 E Lorain St,24-14140-7,Low Flow,01/01/2023,02/01/2023,0,cf
20 E Lorain St,24-14140-7,Low Flow,02/01/2023,03/01/2023,700,cf
20 E Lorain St,24-14140-7,Low Flow,03/01/2023,04/01/2023,500,cf
20 E Lorain St,24-14140-7,Low Flow,04/01/2023,05/01/2023,600,cf
20 E Lorain St,24-14140-7,Low Flow,05/01/2023,06/01/2023,600,cf
20 E Lorain St,24-14140-7,Low Flow,06/01/2023,07/01/2023,0,cf
20 E Lorain St,24-14140-7,Low Flow,07/01/2023,08/01/2023,0,cf
20 E Lorain St,24-14140-7,Low Flow,08/01/2023,09/01/2023,100,cf
20 E Lorain St,24-14140-7,Low Flow,09/01/2023,10/01/2023,400,cf
20 E Lorain St,24-14140-7,Refuse,10/01/2022,11/01/2022,0,Container
20 E Lorain St,24-14140-7,Refuse,11/01/2022,12/01/2022,0,Container
20 E Lorain St,24-14140-7,Refuse,12/01/2022,01/01/2023,0,Container
20 E Lorain St,24-14140-7,Refuse,01/01/2023,02/01/2023,0,Container
20 E Lorain St,24-14140-7,Refuse,02/01/2023,03/01/2023,0,Container
20 E Lorain St,24-14140-7,Refuse,03/01/2023,04/01/2023,0,Container
20 E Lorain St,24-14140-7,Refuse,04/01/2023,05/01/2023,0,Container
20 E Lorain St,24-14140-7,Refuse,05/01/2023,06/01/2023,0,Container
20 E Lorain St,24-14140-7,Refuse,06/01/2023,07/01/2023,0,Container
20 E Lorain St,24-14140-7,Refuse,07/01/2023,08/01/2023,0,Container
20 E Lorain St,24-14140-7,Refuse,08/01/2023,09/01/2023,0,Container
20 E Lorain St,24-14140-7,Refuse,09/01/2023,10/01/2023,0,Container





207 S Professor St - Old Barrows Dorm,41-00510-1,Electricity,10/01/2022,11/01/2022,"2,861",kWh
207 S Professor St - Old Barrows Dorm,41-00510-1,Electricity,11/01/2022,12/01/2022,"3,029",kWh
207 S Professor St - Old Barrows Dorm,41-00510-1,Electricity,12/01/2022,01/01/2023,"4,567",kWh
207 S Professor St - Old Barrows Dorm,41-00510-1,Electricity,01/01/2023,02/01/2023,"5,655",kWh
207 S Professor St - Old Barrows Dorm,41-00510-1,Electricity,02/01/2023,03/01/2023,"5,175",kWh
207 S Professor St - Old Barrows Dorm,41-00510-1,Electricity,03/01/2023,04/01/2023,"5,436",kWh
207 S Professor St - Old Barrows Dorm,41-00510-1,Electricity,04/01/2023,05/01/2023,"4,772",kWh
207 S Professor St - Old Barrows Dorm,41-00510-1,Electricity,05/01/2023,06/10/2023,"3,400",kWh
207 S Professor St - Old Barrows Dorm,41-00510-1,Electricity,06/10/2023,07/01/2023,"1,625",kWh
207 S Professor St - Old Barrows Dorm,41-00510-1,Electricity,07/01/2023,08/01/2023,"1,214",kWh
207 S Professor St - Old Barrows Dorm,41-00510-1,Electricity,08/01/2023,09/01/2023,"1,509",kWh
207 S Professor St - Old Barrows Dorm,41-00510-1,Electricity,09/01/2023,10/01/2023,"2,749",kWh
207 S Professor St - Old Barrows Dorm,41-00510-1,Water,10/01/2022,11/01/2022,0,cf
207 S Professor St - Old Barrows Dorm,41-00510-1,Water,11/01/2022,12/01/2022,0,cf
207 S Professor St - Old Barrows Dorm,41-00510-1,Water,12/01/2022,01/01/2023,0,cf
207 S Professor St - Old Barrows Dorm,41-00510-1,Water,01/01/2023,02/01/2023,0,cf
207 S Professor St - Old Barrows Dorm,41-00510-1,Water,02/01/2023,03/01/2023,0,cf
207 S Professor St - Old Barrows Dorm,41-00510-1,Water,03/01/2023,04/01/2023,0,cf
207 S Professor St - Old Barrows Dorm,41-00510-1,Water,04/01/2023,05/01/2023,0,cf
207 S Professor St - Old Barrows Dorm,41-00510-1,Water,05/01/2023,06/10/2023,0,cf
207 S Professor St - Old Barrows Dorm,41-00510-1,Water,06/10/2023,07/01/2023,0,cf
207 S Professor St - Old Barrows Dorm,41-00510-1,Water,07/01/2023,08/01/2023,0,cf
207 S Professor St - Old Barrows Dorm,41-00510-1,Water,08/01/2023,09/01/2023,0,cf
207 S Professor St - Old Barrows Dorm,41-00510-1,Water,09/01/2023,10/01/2023,0,cf
207 S Professor St - Old Barrows Dorm,41-00511-1,Water,10/01/2022,11/01/2022,"1,300",cf
207 S Professor St - Old Barrows Dorm,41-00511-1,Water,11/01/2022,12/01/2022,"1,700",cf
207 S Professor St - Old Barrows Dorm,41-00511-1,Water,12/01/2022,01/01/2023,900,cf
207 S Professor St - Old Barrows Dorm,41-00511-1,Water,01/01/2023,02/01/2023,"1,300",cf
207 S Professor St - Old Barrows Dorm,41-00511-1,Water,02/01/2023,03/01/2023,"1,300",cf
207 S Professor St - Old Barrows Dorm,41-00511-1,Water,03/01/2023,04/01/2023,"1,100",cf
207 S Professor St - Old Barrows Dorm,41-00511-1,Water,04/01/2023,05/01/2023,"1,600",cf
207 S Professor St - Old Barrows Dorm,41-00511-1,Water,05/01/2023,06/01/2023,"1,000",cf
207 S Professor St - Old Barrows Dorm,41-00511-1,Water,06/01/2023,07/01/2023,100,cf
207 S Professor St - Old Barrows Dorm,41-00511-1,Water,07/01/2023,08/01/2023,0,cf
207 S Professor St - Old Barrows Dorm,41-00511-1,Water,08/01/2023,09/01/2023,400,cf
207 S Professor St - Old Barrows Dorm,41-00511-1,Water,09/01/2023,10/01/2023,"1,500",cf





207 Woodland St - Zechial House,41-00180-1,Electricity,10/01/2022,11/01/2022,"8,080",kWh
207 Woodland St - Zechial House,41-00180-1,Electricity,11/01/2022,12/01/2022,"6,880",kWh
207 Woodland St - Zechial House,41-00180-1,Electricity,12/01/2022,01/01/2023,"6,400",kWh
207 Woodland St - Zechial House,41-00180-1,Electricity,01/01/2023,02/01/2023,"5,560",kWh
207 Woodland St - Zechial House,41-00180-1,Electricity,02/01/2023,03/01/2023,"6,480",kWh
207 Woodland St - Zechial House,41-00180-1,Electricity,03/01/2023,04/01/2023,"6,880",kWh
207 Woodland St - Zechial House,41-00180-1,Electricity,04/01/2023,05/01/2023,"7,520",kWh
207 Woodland St - Zechial House,41-00180-1,Electricity,05/01/2023,06/01/2023,"7,040",kWh
207 Woodland St - Zechial House,41-00180-1,Electricity,06/01/2023,07/01/2023,"2,800",kWh
207 Woodland St - Zechial House,41-00180-1,Electricity,07/01/2023,08/01/2023,"4,000",kWh
207 Woodland St - Zechial House,41-00180-1,Electricity,08/01/2023,09/01/2023,"5,000",kWh
207 Woodland St - Zechial House,41-00180-1,Electricity,09/01/2023,10/01/2023,"8,320",kWh
207 Woodland St - Zechial House,41-00180-1,High Flow,10/01/2022,11/01/2022,"1,400",cf
207 Woodland St - Zechial House,41-00180-1,High Flow,11/01/2022,12/01/2022,"1,400",cf
207 Woodland St - Zechial House,41-00180-1,High Flow,12/01/2022,01/01/2023,600,cf
207 Woodland St - Zechial House,41-00180-1,High Flow,01/01/2023,02/01/2023,700,cf
207 Woodland St - Zechial House,41-00180-1,High Flow,02/01/2023,03/01/2023,"2,000",cf
207 Woodland St - Zechial House,41-00180-1,High Flow,03/01/2023,04/01/2023,"2,600",cf
207 Woodland St - Zechial House,41-00180-1,High Flow,04/01/2023,05/01/2023,"2,100",cf
207 Woodland St - Zechial House,41-00180-1,High Flow,05/01/2023,06/01/2023,600,cf
207 Woodland St - Zechial House,41-00180-1,High Flow,06/01/2023,07/01/2023,400,cf
207 Woodland St - Zechial House,41-00180-1,High Flow,07/01/2023,08/01/2023,100,cf
207 Woodland St - Zechial House,41-00180-1,High Flow,08/01/2023,09/01/2023,"1,000",cf
207 Woodland St - Zechial House,41-00180-1,High Flow,09/01/2023,10/01/2023,"1,200",cf
207 Woodland St - Zechial House,41-00181-1,Low Flow,10/01/2022,11/01/2022,0,cf
207 Woodland St - Zechial House,41-00181-1,Low Flow,11/01/2022,12/01/2022,0,cf
207 Woodland St - Zechial House,41-00181-1,Low Flow,12/01/2022,01/01/2023,0,cf
207 Woodland St - Zechial House,41-00181-1,Low Flow,01/01/2023,02/01/2023,0,cf
207 Woodland St - Zechial House,41-00181-1,Low Flow,02/01/2023,03/01/2023,0,cf
207 Woodland St - Zechial House,41-00181-1,Low Flow,03/01/2023,04/01/2023,0,cf
207 Woodland St - Zechial House,41-00181-1,Low Flow,04/01/2023,05/01/2023,0,cf
207 Woodland St - Zechial House,41-00181-1,Low Flow,05/01/2023,06/01/2023,0,cf
207 Woodland St - Zechial House,41-00181-1,Low Flow,06/01/2023,07/01/2023,0,cf
207 Woodland St - Zechial House,41-00181-1,Low Flow,07/01/2023,08/01/2023,0,cf
207 Woodland St - Zechial House,41-00181-1,Low Flow,08/01/2023,09/01/2023,500,cf
207 Woodland St - Zechial House,41-00181-1,Low Flow,09/01/2023,10/01/2023,"2,800",cf





208 N Professor St - Bailey House,41-00020-1,Water,10/01/2022,11/01/2022,700,cf
208 N Professor St - Bailey House,41-00020-1,Water,11/01/2022,12/01/2022,700,cf
208 N Professor St - Bailey House,41-00020-1,Water,12/01/2022,01/01/2023,500,cf
208 N Professor St - Bailey House,41-00020-1,Water,01/01/2023,02/01/2023,400,cf
208 N Professor St - Bailey House,41-00020-1,Water,02/01/2023,03/01/2023,700,cf
208 N Professor St - Bailey House,41-00020-1,Water,03/01/2023,04/01/2023,600,cf
208 N Professor St - Bailey House,41-00020-1,Water,04/01/2023,05/01/2023,700,cf
208 N Professor St - Bailey House,41-00020-1,Water,05/01/2023,06/01/2023,300,cf
208 N Professor St - Bailey House,41-00020-1,Water,06/01/2023,07/01/2023,200,cf
208 N Professor St - Bailey House,41-00020-1,Water,07/01/2023,08/01/2023,0,cf
208 N Professor St - Bailey House,41-00020-1,Water,08/01/2023,09/01/2023,100,cf
208 N Professor St - Bailey House,41-00020-1,Water,09/01/2023,10/01/2023,400,cf
208 N Professor St - Bailey House,41-00021-1,Water,10/01/2022,11/01/2022,0,cf
208 N Professor St - Bailey House,41-00021-1,Water,11/01/2022,12/01/2022,0,cf
208 N Professor St - Bailey House,41-00021-1,Water,12/01/2022,01/01/2023,0,cf
208 N Professor St - Bailey House,41-00021-1,Water,01/01/2023,02/01/2023,0,cf
208 N Professor St - Bailey House,41-00021-1,Water,02/01/2023,03/01/2023,0,cf
208 N Professor St - Bailey House,41-00021-1,Water,03/01/2023,04/01/2023,0,cf
208 N Professor St - Bailey House,41-00021-1,Water,04/01/2023,05/01/2023,0,cf
208 N Professor St - Bailey House,41-00021-1,Water,05/01/2023,06/01/2023,0,cf
208 N Professor St - Bailey House,41-00021-1,Water,06/01/2023,07/01/2023,0,cf
208 N Professor St - Bailey House,41-00021-1,Water,07/01/2023,08/01/2023,0,cf
208 N Professor St - Bailey House,41-00021-1,Water,08/01/2023,09/01/2023,300,cf
208 N Professor St - Bailey House,41-00021-1,Water,09/01/2023,10/01/2023,"2,200",cf





216 S Professor St - Johnson House,41-00520-1,Electricity,10/01/2022,11/01/2022,"2,153",kWh
216 S Professor St - Johnson House,41-00520-1,Electricity,11/01/2022,12/01/2022,"2,192",kWh
216 S Professor St - Johnson House,41-00520-1,Electricity,12/01/2022,01/01/2023,"2,032",kWh
216 S Professor St - Johnson House,41-00520-1,Electricity,01/01/2023,02/01/2023,"1,987",kWh
216 S Professor St - Johnson House,41-00520-1,Electricity,02/01/2023,03/01/2023,"1,775",kWh
216 S Professor St - Johnson House,41-00520-1,Electricity,03/01/2023,04/01/2023,"1,775",kWh
216 S Professor St - Johnson House,41-00520-1,Electricity,04/01/2023,05/01/2023,"1,724",kWh
216 S Professor St - Johnson House,41-00520-1,Electricity,05/01/2023,06/01/2023,"1,329",kWh
216 S Professor St - Johnson House,41-00520-1,Electricity,06/01/2023,07/01/2023,737,kWh
216 S Professor St - Johnson House,41-00520-1,Electricity,07/01/2023,08/01/2023,753,kWh
216 S Professor St - Johnson House,41-00520-1,Electricity,08/01/2023,09/01/2023,"1,036",kWh
216 S Professor St - Johnson House,41-00520-1,Electricity,09/01/2023,10/01/2023,"1,764",kWh
216 S Professor St - Johnson House,41-00520-1,Low Flow,10/01/2022,11/01/2022,"3,100",cf
216 S Professor St - Johnson House,41-00520-1,Low Flow,11/01/2022,12/01/2022,"3,300",cf
216 S Professor St - Johnson House,41-00520-1,Low Flow,12/01/2022,01/01/2023,"2,300",cf
216 S Professor St - Johnson House,41-00520-1,Low Flow,01/01/2023,02/01/2023,"2,200",cf
216 S Professor St - Johnson House,41-00520-1,Low Flow,02/01/2023,03/01/2023,"3,300",cf
216 S Professor St - Johnson House,41-00520-1,Low Flow,03/01/2023,04/01/2023,"2,900",cf
216 S Professor St - Johnson House,41-00520-1,Low Flow,04/01/2023,05/01/2023,"3,700",cf
216 S Professor St - Johnson House,41-00520-1,Low Flow,05/01/2023,06/01/2023,"2,000",cf
216 S Professor St - Johnson House,41-00520-1,Low Flow,06/01/2023,07/01/2023,500,cf
216 S Professor St - Johnson House,41-00520-1,Low Flow,07/01/2023,08/01/2023,"1,200",cf
216 S Professor St - Johnson House,41-00520-1,Low Flow,08/01/2023,09/01/2023,900,cf
216 S Professor St - Johnson House,41-00520-1,Low Flow,09/01/2023,10/01/2023,"2,400",cf





30 S Professor St - Baldwin Cottage,41-00410-1,Water,10/01/2022,11/01/2022,700,cf
30 S Professor St - Baldwin Cottage,41-00410-1,Water,11/01/2022,12/01/2022,600,cf
30 S Professor St - Baldwin Cottage,41-00410-1,Water,12/01/2022,01/01/2023,500,cf
30 S Professor St - Baldwin Cottage,41-00410-1,Water,01/01/2023,02/01/2023,300,cf
30 S Professor St - Baldwin Cottage,41-00410-1,Water,02/01/2023,03/01/2023,800,cf
30 S Professor St - Baldwin Cottage,41-00410-1,Water,03/01/2023,04/01/2023,700,cf
30 S Professor St - Baldwin Cottage,41-00410-1,Water,04/01/2023,05/01/2023,"1,000",cf
30 S Professor St - Baldwin Cottage,41-00410-1,Water,05/01/2023,06/01/2023,300,cf
30 S Professor St - Baldwin Cottage,41-00410-1,Water,06/01/2023,07/01/2023,600,cf
30 S Professor St - Baldwin Cottage,41-00410-1,Water,07/01/2023,08/01/2023,0,cf
30 S Professor St - Baldwin Cottage,41-00410-1,Water,08/01/2023,09/01/2023,300,cf
30 S Professor St - Baldwin Cottage,41-00410-1,Water,09/01/2023,10/01/2023,"1,200",cf
30 S Professor St - Baldwin Cottage,41-00411-1,Water,10/01/2022,11/01/2022,0,cf
30 S Professor St - Baldwin Cottage,41-00411-1,Water,11/01/2022,12/01/2022,0,cf
30 S Professor St - Baldwin Cottage,41-00411-1,Water,12/01/2022,01/01/2023,0,cf
30 S Professor St - Baldwin Cottage,41-00411-1,Water,01/01/2023,02/01/2023,0,cf
30 S Professor St - Baldwin Cottage,41-00411-1,Water,02/01/2023,03/01/2023,0,cf
30 S Professor St - Baldwin Cottage,41-00411-1,Water,03/01/2023,04/01/2023,0,cf
30 S Professor St - Baldwin Cottage,41-00411-1,Water,04/01/2023,05/01/2023,0,cf
30 S Professor St - Baldwin Cottage,41-00411-1,Water,05/01/2023,06/01/2023,0,cf
30 S Professor St - Baldwin Cottage,41-00411-1,Water,06/01/2023,07/01/2023,0,cf
30 S Professor St - Baldwin Cottage,41-00411-1,Water,07/01/2023,08/01/2023,0,cf
30 S Professor St - Baldwin Cottage,41-00411-1,Water,08/01/2023,09/01/2023,600,cf
30 S Professor St - Baldwin Cottage,41-00411-1,Water,09/01/2023,10/01/2023,"2,600",cf





36 S Pleasant St - Firelands Dorm,26-10505-2,Electricity,10/01/2022,11/01/2022,"19,800",kWh
36 S Pleasant St - Firelands Dorm,26-10505-2,Electricity,11/01/2022,12/01/2022,"23,880",kWh
36 S Pleasant St - Firelands Dorm,26-10505-2,Electricity,12/01/2022,01/01/2023,"28,560",kWh
36 S Pleasant St - Firelands Dorm,26-10505-2,Electricity,01/01/2023,02/01/2023,"27,640",kWh
36 S Pleasant St - Firelands Dorm,26-10505-2,Electricity,02/01/2023,03/01/2023,"26,200",kWh
36 S Pleasant St - Firelands Dorm,26-10505-2,Electricity,03/01/2023,04/01/2023,"27,160",kWh
36 S Pleasant St - Firelands Dorm,26-10505-2,Electricity,04/01/2023,05/01/2023,"22,480",kWh
36 S Pleasant St - Firelands Dorm,26-10505-2,Electricity,05/01/2023,06/01/2023,"20,560",kWh
36 S Pleasant St - Firelands Dorm,26-10505-2,Electricity,06/01/2023,07/01/2023,"15,840",kWh
36 S Pleasant St - Firelands Dorm,26-10505-2,Electricity,07/01/2023,08/01/2023,"19,440",kWh
36 S Pleasant St - Firelands Dorm,26-10505-2,Electricity,08/01/2023,09/01/2023,"17,680",kWh
36 S Pleasant St - Firelands Dorm,26-10505-2,Electricity,09/01/2023,10/01/2023,"17,920",kWh
36 S Pleasant St - Firelands Dorm,26-10505-2,High Flow,10/01/2022,11/01/2022,0,cf
36 S Pleasant St - Firelands Dorm,26-10505-2,High Flow,11/01/2022,12/01/2022,0,cf
36 S Pleasant St - Firelands Dorm,26-10505-2,High Flow,12/01/2022,01/01/2023,0,cf
36 S Pleasant St - Firelands Dorm,26-10505-2,High Flow,01/01/2023,02/01/2023,0,cf
36 S Pleasant St - Firelands Dorm,26-10505-2,High Flow,02/01/2023,03/01/2023,0,cf
36 S Pleasant St - Firelands Dorm,26-10505-2,High Flow,03/01/2023,04/01/2023,0,cf
36 S Pleasant St - Firelands Dorm,26-10505-2,High Flow,04/01/2023,05/01/2023,0,cf
36 S Pleasant St - Firelands Dorm,26-10505-2,High Flow,05/01/2023,06/01/2023,0,cf
36 S Pleasant St - Firelands Dorm,26-10505-2,High Flow,06/01/2023,07/01/2023,0,cf
36 S Pleasant St - Firelands Dorm,26-10505-2,High Flow,07/01/2023,08/01/2023,0,cf
36 S Pleasant St - Firelands Dorm,26-10505-2,High Flow,08/01/2023,09/01/2023,0,cf
36 S Pleasant St - Firelands Dorm,26-10505-2,High Flow,09/01/2023,10/01/2023,0,cf
36 S Pleasant St - Firelands Dorm,26-10506-1,Low Flow,10/01/2022,11/01/2022,"5,000",cf
36 S Pleasant St - Firelands Dorm,26-10506-1,Low Flow,11/01/2022,12/01/2022,"3,400",cf
36 S Pleasant St - Firelands Dorm,26-10506-1,Low Flow,12/01/2022,01/01/2023,"2,800",cf
36 S Pleasant St - Firelands Dorm,26-10506-1,Low Flow,01/01/2023,02/01/2023,"1,800",cf
36 S Pleasant St - Firelands Dorm,26-10506-1,Low Flow,02/01/2023,03/01/2023,"3,400",cf
36 S Pleasant St - Firelands Dorm,26-10506-1,Low Flow,03/01/2023,04/01/2023,"3,100",cf
36 S Pleasant St - Firelands Dorm,26-10506-1,Low Flow,04/01/2023,05/01/2023,"4,200",cf
36 S Pleasant St - Firelands Dorm,26-10506-1,Low Flow,05/01/2023,06/01/2023,"3,100",cf
36 S Pleasant St - Firelands Dorm,26-10506-1,Low Flow,06/01/2023,07/01/2023,900,cf
36 S Pleasant St - Firelands Dorm,26-10506-1,Low Flow,07/01/2023,08/01/2023,600,cf
36 S Pleasant St - Firelands Dorm,26-10506-1,Low Flow,08/01/2023,09/01/2023,"1,800",cf
36 S Pleasant St - Firelands Dorm,26-10506-1,Low Flow,09/01/2023,10/01/2023,"3,700",cf





40 W Lorain St - Asia House Quadrangle,41-00130-1,Electricity,10/01/2022,11/01/2022,"23,160",kWh
40 W Lorain St - Asia House Quadrangle,41-00130-1,Electricity,11/01/2022,12/01/2022,"23,200",kWh
40 W Lorain St - Asia House Quadrangle,41-00130-1,Electricity,12/01/2022,01/01/2023,"21,760",kWh
40 W Lorain St - Asia House Quadrangle,41-00130-1,Electricity,01/01/2023,02/01/2023,"21,440",kWh
40 W Lorain St - Asia House Quadrangle,41-00130-1,Electricity,02/01/2023,03/01/2023,"19,880",kWh
40 W Lorain St - Asia House Quadrangle,41-00130-1,Electricity,03/01/2023,04/01/2023,"20,720",kWh
40 W Lorain St - Asia House Quadrangle,41-00130-1,Electricity,04/01/2023,05/01/2023,"21,760",kWh
40 W Lorain St - Asia House Quadrangle,41-00130-1,Electricity,05/01/2023,06/01/2023,"20,040",kWh
40 W Lorain St - Asia House Quadrangle,41-00130-1,Electricity,06/01/2023,07/01/2023,"15,240",kWh
40 W Lorain St - Asia House Quadrangle,41-00130-1,Electricity,07/01/2023,08/01/2023,"17,400",kWh
40 W Lorain St - Asia House Quadrangle,41-00130-1,Electricity,08/01/2023,09/01/2023,"19,440",kWh
40 W Lorain St - Asia House Quadrangle,41-00130-1,Electricity,09/01/2023,10/01/2023,"21,960",kWh
40 W Lorain St - Asia House Quadrangle,41-00130-1,Water,10/01/2022,11/01/2022,"1,500",cf
40 W Lorain St - Asia House Quadrangle,41-00130-1,Water,11/01/2022,12/01/2022,"1,500",cf
40 W Lorain St - Asia House Quadrangle,41-00130-1,Water,12/01/2022,01/01/2023,"1,300",cf
40 W Lorain St - Asia House Quadrangle,41-00130-1,Water,01/01/2023,02/01/2023,"1,100",cf
40 W Lorain St - Asia House Quadrangle,41-00130-1,Water,02/01/2023,03/01/2023,"1,700",cf
40 W Lorain St - Asia House Quadrangle,41-00130-1,Water,03/01/2023,04/01/2023,"1,300",cf
40 W Lorain St - Asia House Quadrangle,41-00130-1,Water,04/01/2023,05/01/2023,"1,300",cf
40 W Lorain St - Asia House Quadrangle,41-00130-1,Water,05/01/2023,06/01/2023,"3,400",cf
40 W Lorain St - Asia House Quadrangle,41-00130-1,Water,06/01/2023,07/01/2023,"3,500",cf
40 W Lorain St - Asia House Quadrangle,41-00130-1,Water,07/01/2023,08/01/2023,100,cf
40 W Lorain St - Asia House Quadrangle,41-00130-1,Water,08/01/2023,09/01/2023,"4,000",cf
40 W Lorain St - Asia House Quadrangle,41-00130-1,Water,09/01/2023,10/01/2023,"1,500",cf
40 W Lorain St - Asia House Quadrangle,41-00131-1,Water,10/01/2022,11/01/2022,0,cf
40 W Lorain St - Asia House Quadrangle,41-00131-1,Water,11/01/2022,12/01/2022,0,cf
40 W Lorain St - Asia House Quadrangle,41-00131-1,Water,12/01/2022,01/01/2023,0,cf
40 W Lorain St - Asia House Quadrangle,41-00131-1,Water,01/01/2023,02/01/2023,0,cf
40 W Lorain St - Asia House Quadrangle,41-00131-1,Water,02/01/2023,03/01/2023,0,cf
40 W Lorain St - Asia House Quadrangle,41-00131-1,Water,03/01/2023,04/01/2023,0,cf
40 W Lorain St - Asia House Quadrangle,41-00131-1,Water,04/01/2023,05/01/2023,0,cf
40 W Lorain St - Asia House Quadrangle,41-00131-1,Water,05/01/2023,06/01/2023,0,cf
40 W Lorain St - Asia House Quadrangle,41-00131-1,Water,06/01/2023,07/01/2023,0,cf
40 W Lorain St - Asia House Quadrangle,41-00131-1,Water,07/01/2023,08/01/2023,0,cf
40 W Lorain St - Asia House Quadrangle,41-00131-1,Water,08/01/2023,09/01/2023,0,cf
40 W Lorain St - Asia House Quadrangle,41-00131-1,Water,09/01/2023,10/01/2023,0,cf





52 W Lorain St - Carnegie Building,41-00120-1,Water,10/01/2022,11/01/2022,"2,000",cf
52 W Lorain St - Carnegie Building,41-00120-1,Water,11/01/2022,12/01/2022,"1,900",cf
52 W Lorain St - Carnegie Building,41-00120-1,Water,12/01/2022,01/01/2023,"1,800",cf
52 W Lorain St - Carnegie Building,41-00120-1,Water,01/01/2023,02/01/2023,"1,900",cf
52 W Lorain St - Carnegie Building,41-00120-1,Water,02/01/2023,03/01/2023,"2,200",cf
52 W Lorain St - Carnegie Building,41-00120-1,Water,03/01/2023,04/01/2023,"2,400",cf
52 W Lorain St - Carnegie Building,41-00120-1,Water,04/01/2023,05/01/2023,"2,300",cf
52 W Lorain St - Carnegie Building,41-00120-1,Water,05/01/2023,06/01/2023,"1,900",cf
52 W Lorain St - Carnegie Building,41-00120-1,Water,06/01/2023,07/01/2023,"1,700",cf
52 W Lorain St - Carnegie Building,41-00120-1,Water,07/01/2023,08/01/2023,"1,600",cf
52 W Lorain St - Carnegie Building,41-00120-1,Water,08/01/2023,09/01/2023,"2,200",cf
52 W Lorain St - Carnegie Building,41-00120-1,Water,09/01/2023,10/01/2023,"1,600",cf





68 S Professor St (formerly Lewis Ctr) ,32-19540-1,Water,10/01/2022,11/01/2022,400,cf
68 S Professor St (formerly Lewis Ctr) ,32-19540-1,Water,11/01/2022,12/01/2022,400,cf
68 S Professor St (formerly Lewis Ctr) ,32-19540-1,Water,12/01/2022,01/01/2023,400,cf
68 S Professor St (formerly Lewis Ctr) ,32-19540-1,Water,01/01/2023,02/01/2023,400,cf
68 S Professor St (formerly Lewis Ctr) ,32-19540-1,Water,02/01/2023,03/01/2023,400,cf
68 S Professor St (formerly Lewis Ctr) ,32-19540-1,Water,03/01/2023,04/01/2023,400,cf
68 S Professor St (formerly Lewis Ctr) ,32-19540-1,Water,04/01/2023,05/01/2023,500,cf
68 S Professor St (formerly Lewis Ctr) ,32-19540-1,Water,05/01/2023,06/01/2023,400,cf
68 S Professor St (formerly Lewis Ctr) ,32-19540-1,Water,06/01/2023,07/01/2023,0,cf
68 S Professor St (formerly Lewis Ctr) ,32-19540-1,Water,07/01/2023,08/01/2023,0,cf
68 S Professor St (formerly Lewis Ctr) ,32-19540-1,Water,08/01/2023,09/01/2023,100,cf
68 S Professor St (formerly Lewis Ctr) ,32-19540-1,Water,09/01/2023,10/01/2023,100,cf
68 S Professor St (formerly Lewis Ctr) ,32-19540-1,Refuse,10/01/2022,11/01/2022,0,Container
68 S Professor St (formerly Lewis Ctr) ,32-19540-1,Refuse,11/01/2022,12/01/2022,0,Container
68 S Professor St (formerly Lewis Ctr) ,32-19540-1,Refuse,12/01/2022,01/01/2023,0,Container
68 S Professor St (formerly Lewis Ctr) ,32-19540-1,Refuse,01/01/2023,02/01/2023,0,Container
68 S Professor St (formerly Lewis Ctr) ,32-19540-1,Refuse,02/01/2023,03/01/2023,0,Container
68 S Professor St (formerly Lewis Ctr) ,32-19540-1,Refuse,03/01/2023,04/01/2023,0,Container
68 S Professor St (formerly Lewis Ctr) ,32-19540-1,Refuse,04/01/2023,05/01/2023,0,Container
68 S Professor St (formerly Lewis Ctr) ,32-19540-1,Refuse,05/01/2023,06/01/2023,0,Container
68 S Professor St (formerly Lewis Ctr) ,32-19540-1,Refuse,06/01/2023,07/01/2023,0,Container
68 S Professor St (formerly Lewis Ctr) ,32-19540-1,Refuse,07/01/2023,08/01/2023,0,Container
68 S Professor St (formerly Lewis Ctr) ,32-19540-1,Refuse,08/01/2023,09/01/2023,0,Container
68 S Professor St (formerly Lewis Ctr) ,32-19540-1,Refuse,09/01/2023,10/01/2023,0,Container
68 S Professor St (formerly Lewis Ctr) ,32-19545-1,Water,10/01/2022,11/01/2022,900,cf
68 S Professor St (formerly Lewis Ctr) ,32-19545-1,Water,11/01/2022,12/01/2022,0,cf
68 S Professor St (formerly Lewis Ctr) ,32-19545-1,Water,12/01/2022,01/01/2023,0,cf
68 S Professor St (formerly Lewis Ct93 Elm St - Fairchild House,41-00450-1,Electricity,01/01/2023,02/01/2023,"18,600",kWh
93 Elm St - Fairchild House,41-00450-1,Electricity,02/01/2023,03/01/2023,"24,600",kWh
93 Elm St - Fairchild House,41-00450-1,Electricity,03/01/2023,04/01/2023,"25,080",kWh
93 Elm St - Fairchild House,41-00450-1,Electricity,04/01/2023,05/01/2023,"24,720",kWh
93 Elm St - Fairchild House,41-00450-1,Electricity,05/01/2023,06/01/2023,"18,080",kWh
93 Elm St - Fairchild House,41-00450-1,Electricity,06/01/2023,07/01/2023,"14,320",kWh
93 Elm St - Fairchild House,41-00450-1,Electricity,07/01/2023,08/01/2023,"13,080",kWh
93 Elm St - Fairchild House,41-00450-1,Electricity,08/01/2023,09/01/2023,"14,920",kWh
93 Elm St - Fairchild House,41-00450-1,Electricity,09/01/2023,10/01/2023,"24,560",kWh
93 Elm St - Fairchild House,41-00460-1,Water,10/01/2022,11/01/2022,0,cf
93 Elm St - Fairchild House,41-00460-1,Water,11/01/2022,12/01/2022,0,cf
93 Elm St - Fairchild House,41-00460-1,Water,12/01/2022,01/01/2023,0,cf
93 Elm St - Fairchild House,41-00460-1,Water,01/01/2023,02/01/2023,0,cf
93 Elm St - Fairchild House,41-00460-1,Water,02/01/2023,03/01/2023,0,cf
93 Elm St - Fairchild House,41-00460-1,Water,03/01/2023,04/01/2023,0,cf
93 Elm St - Fairchild House,41-00460-1,Water,04/01/2023,05/01/2023,0,cf
93 Elm St - Fairchild House,41-00460-1,Water,05/01/2023,06/01/2023,0,cf
93 Elm St - Fairchild House,41-00460-1,Water,06/01/2023,07/01/2023,0,cf
93 Elm St - Fairchild House,41-00460-1,Water,07/01/2023,08/01/2023,0,cf
93 Elm St - Fairchild House,41-00460-1,Water,08/01/2023,09/01/2023,0,cf
93 Elm St - Fairchild House,41-00460-1,Water,09/01/2023,10/01/2023,0,cf
93 Elm St - Fairchild House,41-00461-1,Water,10/01/2022,11/01/2022,0,cf
93 Elm St - Fairchild House,41-00461-1,Water,11/01/2022,12/01/2022,0,cf
93 Elm St - Fairchild House,41-00461-1,Water,12/01/2022,01/01/2023,0,cf
93 Elm St - Fairchild House,41-00461-1,Water,01/01/2023,02/01/2023,0,cf
93 Elm St - Fairchild House,41-00461-1,Water,02/01/2023,03/01/2023,0,cf
93 Elm St - Fairchild House,41-00461-1,Water,03/01/2023,04/01/2023,0,cf
93 Elm St - Fairchild House,41-00461-1,Water,04/01/2023,05/01/2023,0,cf
93 Elm St - Fairchild House,41-00461-1,Water,05/01/2023,06/01/2023,0,cf
93 Elm St - Fairchild House,41-00461-1,Water,06/01/2023,07/01/2023,0,cf
93 Elm St - Fairchild House,41-00461-1,Water,07/01/2023,08/01/2023,0,cf
93 Elm St - Fairchild House,41-00461-1,Water,08/01/2023,09/01/2023,0,cf





95 Union St - Langston Hall,41-00030-1,Electricity,10/01/2022,11/01/2022,"46,560",kWh
95 Union St - Langston Hall,41-00030-1,Electricity,11/01/2022,12/01/2022,"49,980",kWh
95 Union St - Langston Hall,41-00030-1,Electricity,12/01/2022,01/01/2023,"47,640",kWh
95 Union St - Langston Hall,41-00030-1,Electricity,01/01/2023,02/01/2023,"42,660",kWh
95 Union St - Langston Hall,41-00030-1,Electricity,02/01/2023,03/01/2023,"46,680",kWh
95 Union St - Langston Hall,41-00030-1,Electricity,03/01/2023,04/01/2023,"46,740",kWh
95 Union St - Langston Hall,41-00030-1,Electricity,04/01/2023,05/01/2023,"50,340",kWh
95 Union St - Langston Hall,41-00030-1,Electricity,05/01/2023,06/01/2023,"40,560",kWh
95 Union St - Langston Hall,41-00030-1,Electricity,06/01/2023,07/01/2023,"27,240",kWh
95 Union St - Langston Hall,41-00030-1,Electricity,07/01/2023,08/01/2023,"29,640",kWh
95 Union St - Langston Hall,41-00030-1,Electricity,08/01/2023,09/01/2023,"33,120",kWh
95 Union St - Langston Hall,41-00030-1,Electricity,09/01/2023,10/01/2023,"50,760",kWh
95 Union St - Langston Hall,41-00030-1,Water,10/01/2022,11/01/2022,0,cf
95 Union St - Langston Hall,41-00030-1,Water,11/01/2022,12/01/2022,0,cf
95 Union St - Langston Hall,41-00030-1,Water,12/01/2022,01/01/2023,0,cf
95 Union St - Langston Hall,41-00030-1,Water,01/01/2023,02/01/2023,0,cf
95 Union St - Langston Hall,41-00030-1,Water,02/01/2023,03/01/2023,0,cf
95 Union St - Langston Hall,41-00030-1,Water,03/01/2023,04/01/2023,0,cf
95 Union St - Langston Hall,41-00030-1,Water,04/01/2023,05/01/2023,0,cf
95 Union St - Langston Hall,41-00030-1,Water,05/01/2023,06/01/2023,0,cf
95 Union St - Langston Hall,41-00030-1,Water,06/01/2023,07/01/2023,0,cf
95 Union St - Langston Hall,41-00030-1,Water,07/01/2023,08/01/2023,0,cf
95 Union St - Langston Hall,41-00030-1,Water,08/01/2023,09/01/2023,0,cf
95 Union St - Langston Hall,41-00030-1,Water,09/01/2023,10/01/2023,0,cf
95 Union St - Langston Hall,41-00031-1,Water,10/01/2022,11/01/2022,"12,700",cf
95 Union St - Langston Hall,41-00031-1,Water,11/01/2022,12/01/2022,"13,900",cf
95 Union St - Langston Hall,41-00031-1,Water,12/01/2022,01/01/2023,"10,500",cf
95 Union St - Langston Hall,41-00031-1,Water,01/01/2023,02/01/2023,"9,000",cf
95 Union St - Langston Hall,41-00031-1,Water,02/01/2023,03/01/2023,"14,500",cf
95 Union St - Langston Hall,41-00031-1,Water,03/01/2023,04/01/2023,"12,500",cf
95 Union St - Langston Hall,41-00031-1,Water,04/01/2023,05/01/2023,"16,000",cf
95 Union St - Langston Hall,41-00031-1,Water,05/01/2023,06/01/2023,"8,300",cf
95 Union St - Langston Hall,41-00031-1,Water,06/01/2023,07/01/2023,"2,500",cf
95 Union St - Langston Hall,41-00031-1,Water,07/01/2023,08/01/2023,"2,100",cf
95 Union St - Langston Hall,41-00031-1,Water,08/01/2023,09/01/2023,"4,100",cf
95 Union St - Langston Hall,41-00031-1,Water,09/01/2023,10/01/2023,"17,500",cf





Grand Total,,,,,,





Residential buildings,Account number,Water meter





,,





134 S Professor St - Allencroft,-,High Flow
134 S Professor St - Allencroft,41-00490-1,Low Flow





40 W Lorain St - Asia House Quadrangle,"41-00130-1
",High Flow 
40 W Lorain St - Asia House Quadrangle,"41-00131-1
",Low Flow





208 N Professor St - Bailey House,"41-00020-1
",High Flow
208 N Professor St - Bailey House,"41-00021-1
",Low Flow





30 S Professor St - Baldwin Cottage,-,High Flow
30 S Professor St - Baldwin Cottage,"41-00410-1
",Low Flow





148 N Professor St - Barnard House,41-00070-1,High Flow
148 N Professor St - Barnard House,"41-00071-1
",Low Flow





145 Woodland St - Barrows Hall,-,High Flow
145 Woodland St - Barrows Hall,"41-00510-1
",Low Flow





194 N Professor St - Burton Hall,"41-00050-1
",High Flow
194 N Professor St - Burton Hall,"41-00051-1
",Low Flow





140 W College St - Dascomb,41-00292-1,High Flow
140 W College St - Dascomb,41-00290-1,Low Flow





20 E Lorain St,-,High Flow
20 E Lorain St,24-14140-7,Low Flow





176 N Professor St - East Hall,41-00061-1,High Flow
176 N Professor St - East Hall,41-00060-1,Low Flow





93 Elm St - Fairchild House,41-00450-1,High Flow
93 Elm St - Fairchild House,41-00460-1,Low Flow





36 S Pleasant St - Firelands Dorm,26-10505-2,High Flow
36 S Pleasant St - Firelands Dorm,26-10506-1,Low Flow





113 W College St - Harkness House,-,High Flow
113 W College St - Harkness House,41-00390-1,Low Flow





216 S Professor St - Johnson House,-,High Flow
216 S Professor St - Johnson House,41-00520-1,Low Flow





104 S Professor St - Kade Dorm,-,High Flow
104 S Professor St - Kade Dorm,41-00470-1,Low Flow





169 N Professor St - Kahn Hall ,41-00097-1,High Flow
169 N Professor St - Kahn Hall ,41-00098-1,Low Flow





154 N Main St - Keep Cottage,41-00530-1,High Flow
154 N Main St - Keep Cottage,41-00540-1,Low Flow





126 Forest St - Lord Saunders Dorm,41-00480-1,High Flow
126 Forest St - Lord Saunders Dorm,41-00481-1,Low Flow





167 Woodland St - Noah Hall,41-00192-1,High Flow
167 Woodland St - Noah Hall,41-00190-1,Low Flow





95 Union St - Langston Hall,41-00030-1,High Flow
95 Union St - Langston Hall,41-00031-1,Low Flow





207 S Professor St - Old Barrows Dorm,-,High Flow
207 S Professor St - Old Barrows Dorm,"41-00510-1
",Low Flow





121 Elm St - South Hall,-,High Flow
121 Elm St - South Hall,41-00440-1,Low Flow





2 S Professor St - Talcott Hall,41-00385-1,High Flow
2 S Professor St - Talcott Hall,41-00370-1,Low Flow





110 E College St - Tank Hall,41-00612-1,High Flow
110 E College St - Tank Hall,41-00602-1,Low Flow





207 Woodland St - Zechial House,41-00180-1,High Flow
207 Woodland St - Zechial House,41-00181-1,Low Flow
